project_id,year_a,year_b,shared_files,rank_spearman,p_value
novo_sgp,2020,2021,2773,0.41800511874397467,1.0086892946602728e-117
novo_sgp,2021,2022,5370,0.5935796505178715,0.0
novo_sgp,2022,2023,6792,0.8140202493382186,0.0
novo_sgp,2023,2024,8261,0.8289632837202408,0.0
novo_sgp,2024,2025,8739,0.9588363268554008,0.0
novo_sgp,2025,2026,9381,0.975411799396156,0.0
sapl,2020,2021,193,0.9179383882461007,1.2844150924793202e-78
sapl,2021,2022,182,0.9358648817244715,1.8177517986626222e-83
sapl,2022,2023,196,0.9492257464670526,2.2075907438576634e-99
sapl,2023,2024,199,0.9524784062534357,1.1791948507467442e-103
sapl,2024,2025,198,0.9093899919401989,1.3396449222221158e-76
sapl,2025,2026,204,0.9161612319868537,3.8011857966229227e-82
siga,2020,2021,1206,0.8011892582811779,9.228169717895106e-271
siga,2021,2022,1644,0.652541504710615,4.609285500317002e-200
siga,2022,2023,1903,0.9100003287302959,0.0
siga,2023,2024,2013,0.9166742089360803,0.0
siga,2024,2025,2019,0.9909582485687788,0.0
sigi,2020,2021,132,0.9196152810194796,1.3339175667998693e-54
sigi,2021,2022,130,0.7933174584448924,2.2887368566229557e-29
sigi,2022,2023,202,0.7778346251969954,3.276240788074343e-42
sigi,2023,2024,234,0.9381857278319451,7.085141738057726e-109
sigi,2024,2025,262,0.964946995298185,4.5635374071599795e-153
sigi,2025,2026,257,0.9557143575829452,1.810187506939362e-137
painel_esus,2024,2025,307,0.8001334618485888,1.128006392209814e-69
