project_id,year,metric,gini
novo_sgp,2020,nmod,0.6497360519178612
novo_sgp,2020,churn,0.6978956668038467
novo_sgp,2020,ccn,0.7656116308080632
novo_sgp,2021,nmod,0.6877988714753656
novo_sgp,2021,churn,0.7539105921357638
novo_sgp,2021,ccn,0.7314645694783315
novo_sgp,2022,nmod,0.7951848600272744
novo_sgp,2022,churn,0.8697754316378521
novo_sgp,2022,ccn,0.7258877430035862
novo_sgp,2023,nmod,0.783628342899638
novo_sgp,2023,churn,0.8641271829636583
novo_sgp,2023,ccn,0.7161530670446292
novo_sgp,2024,nmod,0.9215442137808849
novo_sgp,2024,churn,0.950701979578618
novo_sgp,2024,ccn,0.7145357520712343
novo_sgp,2025,nmod,0.9459116290083565
novo_sgp,2025,churn,0.9689324928564722
novo_sgp,2025,ccn,0.7184436922644639
novo_sgp,2026,nmod,0.9972404955147374
novo_sgp,2026,churn,0.9987340590178573
novo_sgp,2026,ccn,0.7185534289486379
sapl,2020,nmod,0.8353438228438228
sapl,2020,churn,0.8926250711595243
sapl,2020,ccn,0.8384645621673923
sapl,2021,nmod,0.8221214497596236
sapl,2021,churn,0.8863899742171275
sapl,2021,ccn,0.8468678988758809
sapl,2022,nmod,0.8104287586594272
sapl,2022,churn,0.8769158914753739
sapl,2022,ccn,0.8507217668901934
sapl,2023,nmod,0.8901781635449979
sapl,2023,churn,0.9608445394720182
sapl,2023,ccn,0.8487533710461506
sapl,2024,nmod,0.9268844221105528
sapl,2024,churn,0.9602821801314265
sapl,2024,ccn,0.8493851347147485
sapl,2025,nmod,0.8579383209594518
sapl,2025,churn,0.9336724626957702
sapl,2025,ccn,0.84838559505204
sapl,2026,nmod,0.9171116196287821
sapl,2026,churn,0.9542906302882479
sapl,2026,ccn,0.8473397619836669
siga,2020,nmod,0.7907179294558786
siga,2020,churn,0.8823853813403073
siga,2020,ccn,0.7563313243790439
siga,2021,nmod,0.7545363405627683
siga,2021,churn,0.8659349553208531
siga,2021,ccn,0.7574330244090546
siga,2022,nmod,0.8979461560965736
siga,2022,churn,0.9286423283426939
siga,2022,ccn,0.759725395690509
siga,2023,nmod,0.939319540762827
siga,2023,churn,0.9647206406607136
siga,2023,ccn,0.7578227432193165
siga,2024,nmod,0.9652037679722361
siga,2024,churn,0.9846891792155417
siga,2024,ccn,0.7582175227696946
siga,2025,nmod,0.0
siga,2025,churn,0.0
siga,2025,ccn,0.7582175227696946
sigi,2020,nmod,0.9201342281879195
sigi,2020,churn,0.9637807176871185
sigi,2020,ccn,0.7700917944648074
sigi,2021,nmod,0.8095020855057351
sigi,2021,churn,0.8695859294826844
sigi,2021,ccn,0.7871164339876691
sigi,2022,nmod,0.6499723346128574
sigi,2022,churn,0.8392792085210754
sigi,2022,ccn,0.8080420574026712
sigi,2023,nmod,0.8108017218186709
sigi,2023,churn,0.9158922248929477
sigi,2023,ccn,0.8179917358533879
sigi,2024,nmod,0.8291166848418758
sigi,2024,churn,0.9307980428510065
sigi,2024,ccn,0.8222921595762094
sigi,2025,nmod,0.9250229665748004
sigi,2025,churn,0.9705177849721747
sigi,2025,ccn,0.8154062203912378
sigi,2026,nmod,0.8692786223375768
sigi,2026,churn,0.9311931083290625
sigi,2026,ccn,0.8142462818769827
painel_esus,2024,nmod,0.49184014821017197
painel_esus,2024,churn,0.8899973838722994
painel_esus,2024,ccn,0.7134708123018032
painel_esus,2025,nmod,0.4666363636363635
painel_esus,2025,churn,0.8621981805713408
painel_esus,2025,ccn,0.7321454794932201
