project_id,name,language,high_file_id,high_path,high_h_median,control_file_id,control_path,control_h_median,distance
novo_sgp,Novo SGP,CSharp,71261a9d39d697cd,src/SME.SGP.Aplicacao/CasosDeUso/ConselhoClasse/ObterNotasFrequenciaUseCase.cs,0.9993687593251463,3aeabfa17e2c88e2,src/SME.SGP.Infra/Constantes/ConstantesMenuPermissao.cs,0.15425882086443832,10.000144352121135
novo_sgp,Novo SGP,CSharp,473acad15c891997,src/SME.SGP.Aplicacao/Integracoes/ServicoEOL.cs,0.9978932584269663,eeac3d9734b33a0d,src/SME.SGP.Dados/Mapeamentos/RegistrarMapeamentos.cs,0.3893701208426906,22.208621618018846
novo_sgp,Novo SGP,CSharp,541e5385f3719f66,src/SME.SGP.Dados/Repositorios/RepositorioTurmaConsulta.cs,0.9975728155339806,c0d9c58300d8c393,src/SME.SGP.Infra/Enumerados/Permissao.cs,0.15656079563683029,29.829912656556186
novo_sgp,Novo SGP,CSharp,ba2b2d921c70fc42,src/SME.SGP.Dados/Repositorios/RepositorioAulaConsulta.cs,0.9970985057304512,27866094e055cca0,src/SME.SGP.Infra.Consts/ServicosEolConstants.cs,0.3848319673420385,35.145577179321776
novo_sgp,Novo SGP,CSharp,d9bcd6c021fb4304,src/SME.SGP.Dominio.Servicos/ServicoFechamentoTurmaDisciplina.cs,0.9968398876404494,096b91a80020a7ea,src/SME.SGP.Infra.Mensageria/Rotas/RotasRabbitSgp.cs,0.15487984653450393,16.74030091893977
sapl,SAPL,Python,c4bec0aa3f27a78d,sapl/sessao/views.py,0.9877450980392157,b0ebfe374d33cfe0,sapl/legacy/models.py,0.23604326163567868,34.47409973300138
sapl,SAPL,Python,11b2afe97076f159,sapl/materia/views.py,0.9698492462311558,b5ea40e821c853b1,sapl/settings.py,0.25,20.836899838620198
sapl,SAPL,Python,2b1ea23ae76b50cb,sapl/base/views.py,0.9597989949748744,bea9e89b15b496d1,sapl/relatorios/templates/pdf_sessao_plenaria_preparar_pysc.py,0.24623115577889448,10.176399921184752
sapl,SAPL,Python,710c9fb76ba1bbc3,sapl/relatorios/views.py,0.9538461538461539,1b2b956c75f568bc,sapl/sessao/urls.py,0.24623115577889448,19.466999849229943
sapl,SAPL,Python,b38f2cf8d9bb2f72,sapl/utils.py,0.95260663507109,b09ebf272337e792,sapl/relatorios/templates/pdf_detalhe_materia_preparar_pysc.py,0.24623115577889448,6.900999946552413
siga,SIGA,Java,6737edbb6d9184af,siga-ex/src/main/java/br/gov/jfrj/siga/ex/bl/ExBL.java,0.9997513674788663,014ae6cd046cd5e2,sigasr/src/main/java/br/gov/jfrj/siga/sr/model/SrSolicitacao.java,0.08173445002616841,29.822501475311803
siga,SIGA,Java,2c6a4d56c0f57b71,sigaex/src/main/java/br/gov/jfrj/siga/vraptor/ExMovimentacaoController.java,0.9976257178744996,c97c9f337a8ed3a1,sigagc/src/main/java/br/gov/jfrj/siga/gc/util/diff_match_patch.java,0.39870443531704236,22.951485936893192
siga,SIGA,Java,d2348e058cbd5378,sigaex/src/main/java/br/gov/jfrj/siga/vraptor/ExDocumentoController.java,0.9972332531963206,ac9e4dd1287dbbfe,sigasr/src/main/java/br/gov/jfrj/siga/sr/reports/SrRelPrazo.java,0.39870443531704236,8.269639056739688
siga,SIGA,Java,c8ff150541242122,siga-ex/src/main/java/br/gov/jfrj/siga/hibernate/ExDao.java,0.9957689534768657,31b7708d6b7eb409,sigasr/src/main/java/br/gov/jfrj/siga/sr/vraptor/SolicitacaoController.java,0.08173445002616841,8.225238310126322
siga,SIGA,Java,7165f24b4d590bf6,siga-cp/src/main/java/br/gov/jfrj/siga/dp/dao/CpDao.java,0.9950345704590217,e3bc7b2fecc1f4cb,sigatp/src/main/java/br/gov/jfrj/siga/tp/vraptor/MissaoController.java,0.08173445002616841,11.692196608186762
sigi,SIGI,Python,c85b8fe8f692c4d7,sigi/apps/convenios/models.py,0.9730392156862745,89b2fe9c83b10cea,sigi/apps/convenios/reports.py,0.2447459951991378,21.367448401739786
sigi,SIGI,Python,ce44b53bba4681d0,sigi/apps/eventos/admin.py,0.9681647940074907,3f31b4cbfb6621d2,sigi/settings.py,0.2739463601532567,46.78060302433404
sigi,SIGI,Python,e8c4484217913e4f,sigi/apps/casas/views.py,0.9635036496350365,11a12bda9603082a,sigi/apps/relatorios/reports.py,0.2739463601532567,16.454805133559354
sigi,SIGI,Python,1cf477cc6f7c09f9,sigi/apps/casas/admin.py,0.9598540145985401,c3a073ae3ac4b2c0,sigi/apps/home/urls.py,0.2739463601532567,14.482948320033652
sigi,SIGI,Python,b3c7cc81c03f8e3d,sigi/apps/servicos/dashboards.py,0.9478776529338326,079aea8483c1136d,sigi/apps/diagnosticos/urls.py,0.2739463601532567,11.974341145116275
painel_esus,Painel e-SUS APS,Python,da570d75951ed5f5,painel-esus/src/main/adapters/nominal_list_adapter.py,0.9943219794344473,2cc7a0b731f7ca44,painel-esus/src/infra/create_base/polars/scripts_dados/tb_equipe.py,0.19068766066838047,4.557132139467226
painel_esus,Painel e-SUS APS,Python,e5d28d9ea87767ac,painel-esus/src/infra/db/repositories/demographics_info_v2.py,0.9430960796915167,2b91010e14f3ca3d,painel-esus/src/infra/db/repositories/sqls/pessoa/lista_nominal.py,0.19068766066838047,0.14369335574896658
painel_esus,Painel e-SUS APS,Python,39907dcbbf48218f,painel-esus/src/infra/db/repositories/children/children_repository.py,0.9418460796915167,c82446c8fe0a65fe,painel-esus/src/infra/db/repositories/sqls/tabelas.py,0.19068766066838047,0.7492582121196119
painel_esus,Painel e-SUS APS,Python,5fd0be5fb1eca80a,painel-esus/src/main/adapters/records_adapter.py,0.9403486503856041,4255d27796226cfd,painel-esus/src/infra/db/repositories/sqls/smoking/smoking_base.py,0.19068766066838047,0.5953010452457188
painel_esus,Painel e-SUS APS,Python,979a57312809af6d,painel-esus/src/infra/db/repositories/disease/nominal_list/diabetes_nominal_list_repository.py,0.9341339974293059,55ab6eb1a3ccb9c5,painel-esus/src/infra/db/repositories/sqls/atendimento_individual_cid_ciaps_nascimento.py,0.19068766066838047,1.3035040128656257
