project_id,metric,gini_mean,gini_median,gini_min,gini_max,name
novo_sgp,ccn,0.7272356976598494,0.7185534289486379,0.7145357520712343,0.7656116308080632,Novo SGP
novo_sgp,churn,0.8720110578562955,0.8697754316378521,0.6978956668038467,0.9987340590178573,Novo SGP
novo_sgp,nmod,0.8258634949463026,0.7951848600272744,0.6497360519178612,0.9972404955147374,Novo SGP
painel_esus,ccn,0.7228081458975116,0.7228081458975116,0.7134708123018032,0.7321454794932201,Painel e-SUS APS
painel_esus,churn,0.8760977822218201,0.8760977822218201,0.8621981805713408,0.8899973838722994,Painel e-SUS APS
painel_esus,nmod,0.47923825592326774,0.47923825592326774,0.4666363636363635,0.49184014821017197,Painel e-SUS APS
sapl,ccn,0.8471311558185819,0.84838559505204,0.8384645621673923,0.8507217668901934,SAPL
sapl,churn,0.9235743927770698,0.9336724626957702,0.8769158914753739,0.9608445394720182,SAPL
sapl,nmod,0.8657152225009511,0.8579383209594518,0.8104287586594272,0.9268844221105528,SAPL
siga,ccn,0.7579579222062188,0.7580201329945055,0.7563313243790439,0.759725395690509,SIGA
siga,churn,0.7710620808133516,0.9055138548415006,0.0,0.9846891792155417,SIGA
siga,nmod,0.7246206224750473,0.8443320427762261,0.0,0.9652037679722361,SIGA
sigi,ccn,0.805026669078995,0.8142462818769827,0.7700917944648074,0.8222921595762094,SIGI
sigi,churn,0.9172924309622957,0.9307980428510065,0.8392792085210754,0.9705177849721747,SIGI
sigi,nmod,0.8305469491256338,0.8291166848418758,0.6499723346128574,0.9250229665748004,SIGI
