project_id,language,file_id,snapshots,first_year,last_year,h_median,h_iqr,h_min,h_max,nloc_median
sigi,Python,00d528a1e83a6ad5,3,2024,2026,0.44756554307116103,0.09941943786376539,0.4042145593869732,0.6030534351145038,6.0
sigi,Python,0174f3cd9f9336e0,5,2022,2026,0.27450980392156865,0.0013345387231478156,0.2711864406779661,0.28053435114503816,0.0
sigi,Python,02750aa979aad36b,3,2024,2026,0.2752808988764045,0.0032939954958907114,0.2739463601532567,0.28053435114503816,7.0
sigi,Python,0282fdb788f7c3dd,2,2020,2021,0.3797947386469407,0.07322539558124719,0.30656934306569344,0.45302013422818793,13.0
sigi,Python,032a982669ecd6e4,4,2023,2026,0.2746136295148306,0.0033378816591288496,0.2711864406779661,0.28053435114503816,0.0
sigi,Python,04a930cf1236da05,7,2020,2026,0.4215686274509804,0.0707046429256536,0.30656934306569344,0.722457627118644,66.0
sigi,Python,05dd4f1574de7d3b,7,2020,2026,0.2711864406779661,0.02986763431569278,0.1323529411764706,0.28053435114503816,0.0
sigi,Python,06db33d7b75d0aad,5,2022,2026,0.27450980392156865,0.0013345387231478156,0.2711864406779661,0.28053435114503816,0.0
sigi,Python,079aea8483c1136d,7,2020,2026,0.2739463601532567,0.01681890958349347,0.24452554744525548,0.28053435114503816,59.0
sigi,Python,07e679d6422a12ba,7,2020,2026,0.45302013422818793,0.331324163790109,0.3549618320610687,0.8995098039215687,277.0
sigi,Python,08aedd3ccf04b506,7,2020,2026,0.2711864406779661,0.02986763431569278,0.1323529411764706,0.28053435114503816,0.0
sigi,Python,09b089b523728756,3,2024,2026,0.44756554307116103,0.08415226229124628,0.4042145593869732,0.5725190839694656,12.0
sigi,Python,09fd3d4c189d6dbf,2,2024,2025,0.6445842982531378,0.19701875518197687,0.44756554307116103,0.8416030534351145,88.0
sigi,Python,0a3e4c707eaf499e,5,2022,2026,0.27450980392156865,0.0013345387231478156,0.2711864406779661,0.28053435114503816,0.0
sigi,Python,0a7d7c1c42a53704,3,2024,2026,0.44756554307116103,0.11468661343628439,0.4042145593869732,0.6335877862595419,13.0
sigi,Python,0b835e0a6c29fbe8,5,2022,2026,0.4042145593869732,0.06660679538991171,0.3093220338983051,0.44756554307116103,76.0
sigi,Python,0e1912fb6922327a,7,2020,2026,0.2711864406779661,0.02986763431569278,0.1323529411764706,0.28053435114503816,0.0
sigi,Python,0ede4dfc0fd26e69,5,2022,2026,0.5614406779661016,0.1405570622928236,0.3549618320610687,0.6078431372549019,13.0
sigi,Python,10b343fcddcfcc4e,3,2024,2026,0.6217228464419475,0.11468661343628439,0.4042145593869732,0.6335877862595419,27.0
sigi,Python,111a623a176a1da1,5,2022,2026,0.27450980392156865,0.0013345387231478156,0.2711864406779661,0.28053435114503816,0.0
sigi,Python,11a12bda9603082a,7,2020,2026,0.2739463601532567,0.01681890958349347,0.24452554744525548,0.28053435114503816,113.0
sigi,Python,11f9a0ea0345871f,7,2020,2026,0.4042145593869732,0.10242515228138382,0.30656934306569344,0.45302013422818793,170.0
sigi,Python,1263793465df54e4,4,2023,2026,0.2746136295148306,0.0033378816591288496,0.2711864406779661,0.28053435114503816,0.0
sigi,Python,127b6e3e9d0d95e1,5,2022,2026,0.27450980392156865,0.0013345387231478156,0.2711864406779661,0.28053435114503816,6.0
sigi,Python,12b1cb01cb403bff,2,2024,2025,0.2779076250107213,0.002626726134316859,0.2752808988764045,0.28053435114503816,0.0
sigi,Python,12bcbd17acf92e4c,3,2024,2026,0.2752808988764045,0.0032939954958907114,0.2739463601532567,0.28053435114503816,9.0
sigi,Python,140cf21e14dafd23,5,2022,2026,0.27450980392156865,0.0013345387231478156,0.2711864406779661,0.28053435114503816,19.0
sigi,Python,14216ea971e9438f,1,2026,2026,0.9501915708812261,0.0,0.9501915708812261,0.9501915708812261,406.0
sigi,Python,15789ce2df9589d6,7,2020,2026,0.4042145593869732,0.11815090566998765,0.1323529411764706,0.6058394160583942,52.0
sigi,Python,1701ef1f0e94f90e,7,2020,2026,0.722457627118644,0.38581382740267767,0.3549618320610687,0.9429530201342282,284.0
sigi,Python,1871fb5bbf77218f,4,2023,2026,0.2746136295148306,0.0033378816591288496,0.2711864406779661,0.28053435114503816,11.0
sigi,Python,1a1eb5445fcb6e82,7,2020,2026,0.2739463601532567,0.01681890958349347,0.24452554744525548,0.28053435114503816,26.0
sigi,Python,1a3e5af2e57e6675,7,2020,2026,0.2711864406779661,0.02986763431569278,0.1323529411764706,0.28053435114503816,0.0
sigi,Python,1cebe78c65930d30,4,2023,2026,0.827015881372291,0.06574248572749153,0.7817796610169492,0.8689138576779026,214.0
sigi,Python,1cf477cc6f7c09f9,7,2020,2026,0.9598540145985401,0.009218226323800538,0.9313725490196079,0.9700374531835206,509.0
sigi,Python,1d14723ab057524d,5,2022,2026,0.4042145593869732,0.06660679538991171,0.3093220338983051,0.44756554307116103,17.0
sigi,Python,1da1d2ac3feaed66,3,2020,2022,0.7401960784313726,0.16947533434576012,0.45302013422818793,0.791970802919708,161.0
sigi,Python,1e9c0b85b7e63333,4,2023,2026,0.2779076250107213,0.07581366865468647,0.2739463601532567,0.5614406779661016,7.0
sigi,Python,1fc983b8df7bd048,7,2020,2026,0.912751677852349,0.1418946625008779,0.4042145593869732,0.9950980392156863,1209.0
sigi,Python,211f16d23b9cbbcb,5,2022,2026,0.27450980392156865,0.0013345387231478156,0.2711864406779661,0.28053435114503816,3.0
sigi,Python,2139457a6cf06339,7,2020,2026,0.6030534351145038,0.20232481184838358,0.3093220338983051,0.7279411764705882,22.0
sigi,Python,217b2af6ca62e447,5,2022,2026,0.44756554307116103,0.26808654496281276,0.3093220338983051,0.9274809160305344,100.0
sigi,Python,22999ac4075f98d1,1,2026,2026,0.8620689655172413,0.0,0.8620689655172413,0.8620689655172413,338.0
sigi,Python,2367713b07682c92,5,2022,2026,0.27450980392156865,0.0013345387231478156,0.2711864406779661,0.28053435114503816,36.0
sigi,Python,23cfb570f7f1d04a,5,2022,2026,0.27450980392156865,0.0013345387231478156,0.2711864406779661,0.28053435114503816,0.0
sigi,Python,251f1934651acd85,7,2020,2026,0.2711864406779661,0.02986763431569278,0.1323529411764706,0.28053435114503816,0.0
sigi,Python,28918bf2e5ad16d7,7,2020,2026,0.3549618320610687,0.11794436274706782,0.1323529411764706,0.45302013422818793,15.0
sigi,Python,28cb3966871d144b,7,2020,2026,0.44756554307116103,0.23233719031878303,0.30656934306569344,0.7279411764705882,218.0
sigi,Python,2b19b523a1dc68ee,7,2020,2026,0.2739463601532567,0.01681890958349347,0.24452554744525548,0.28053435114503816,15.0
sigi,Python,2b31fb7ce8783fe3,5,2022,2026,0.27450980392156865,0.0013345387231478156,0.2711864406779661,0.28053435114503816,0.0
sigi,Python,2b3eed0479eb8ec2,3,2024,2026,0.2752808988764045,0.0032939954958907114,0.2739463601532567,0.28053435114503816,0.0
sigi,Python,2cdc9999138959d9,7,2020,2026,0.2711864406779661,0.02986763431569278,0.1323529411764706,0.28053435114503816,0.0
sigi,Python,2ce2ec12d13318e6,7,2020,2026,0.8409961685823755,0.017136182713603842,0.8322147651006712,0.8601694915254238,286.0
sigi,Python,2d905c09330c98c1,2,2020,2021,0.3797947386469407,0.07322539558124719,0.30656934306569344,0.45302013422818793,23.0
sigi,Python,2df2511295ec2bc3,5,2022,2026,0.722457627118644,0.3053080201472298,0.3549618320610687,0.8382352941176471,44.0
sigi,Python,2e4c2445f3feb677,7,2020,2026,0.2711864406779661,0.02986763431569278,0.1323529411764706,0.28053435114503816,0.0
sigi,Python,2e6ad19ead50dd4e,7,2020,2026,0.4042145593869732,0.11815090566998765,0.30656934306569344,0.6421568627450981,23.0
sigi,Python,2e81385cadccb290,7,2020,2026,0.2711864406779661,0.02986763431569278,0.1323529411764706,0.28053435114503816,0.0
sigi,Python,305de8c56b98c575,5,2022,2026,0.27450980392156865,0.0013345387231478156,0.2711864406779661,0.28053435114503816,0.0
sigi,Python,307d946fc1cb54f5,7,2020,2026,0.2739463601532567,0.01681890958349347,0.24452554744525548,0.28053435114503816,2.0
sigi,Python,3254dbf6cbeb84b8,5,2022,2026,0.27450980392156865,0.0013345387231478156,0.2711864406779661,0.28053435114503816,0.0
sigi,Python,34e491688dfd52d0,7,2020,2026,0.2711864406779661,0.02986763431569278,0.1323529411764706,0.28053435114503816,0.0
sigi,Python,3636681ff00fd0d4,5,2022,2026,0.4042145593869732,0.06660679538991171,0.3093220338983051,0.44756554307116103,30.0
sigi,Python,372eb697641a42ba,3,2024,2026,0.2752808988764045,0.0032939954958907114,0.2739463601532567,0.28053435114503816,0.0
sigi,Python,3806bc676f8907c4,5,2022,2026,0.6421568627450981,0.41260394845426274,0.3549618320610687,0.8620689655172413,153.0
sigi,Python,38a047445e3a6e6b,3,2024,2026,0.44756554307116103,0.26354157526834543,0.4042145593869732,0.9312977099236641,191.0
sigi,Python,38fea8932353ff5c,7,2020,2026,0.4042145593869732,0.11815090566998765,0.30656934306569344,0.5661764705882353,74.0
sigi,Python,3a5148f2dec927bb,7,2020,2026,0.45302013422818793,0.2747548207244155,0.3549618320610687,0.7401960784313726,655.0
sigi,Python,3af0f1d58faad608,4,2022,2025,0.4345670852610707,0.09230383886935983,0.3549618320610687,0.6461864406779662,63.0
sigi,Python,3cab48a4fd037038,1,2020,2020,0.24496644295302014,0.0,0.24496644295302014,0.24496644295302014,0.0
sigi,Python,3f31b4cbfb6621d2,7,2020,2026,0.2739463601532567,0.01681890958349347,0.24452554744525548,0.28053435114503816,204.0
sigi,Python,3fcea63a011060a7,5,2022,2026,0.8614232209737828,0.12876066457117197,0.4042145593869732,0.9745762711864406,95.0
sigi,Python,401f522ff9ac5cf7,1,2020,2020,0.45302013422818793,0.0,0.45302013422818793,0.45302013422818793,47.0
sigi,Python,4053efda00216adf,7,2020,2026,0.8180076628352491,0.20777819405659248,0.44756554307116103,0.9416058394160584,179.0
sigi,Python,40e79634ea37a42a,7,2020,2026,0.2711864406779661,0.02986763431569278,0.1323529411764706,0.28053435114503816,15.0
sigi,Python,4165cee650af7754,1,2020,2020,0.24496644295302014,0.0,0.24496644295302014,0.24496644295302014,9.0
sigi,Python,4177f87fc4060e21,3,2024,2026,0.7633587786259542,0.1641482629471781,0.44756554307116103,0.7758620689655172,101.0
sigi,Python,419970de88378335,7,2020,2026,0.9444444444444444,0.11258180757758085,0.45302013422818793,0.9830508474576272,1010.0
sigi,Python,422e2b6d2724c96e,1,2020,2020,0.45302013422818793,0.0,0.45302013422818793,0.45302013422818793,281.0
sigi,Python,42cf26fda5b5f8f9,7,2020,2026,0.4042145593869732,0.2754853260643878,0.24452554744525548,0.6335877862595419,174.0
sigi,Python,430d06fc3d58547f,7,2020,2026,0.2711864406779661,0.02986763431569278,0.1323529411764706,0.28053435114503816,0.0
sigi,Python,4328c1adc2c6f55d,7,2020,2026,0.2711864406779661,0.02986763431569278,0.1323529411764706,0.28053435114503816,0.0
sigi,Python,438a0f4c738e8f4c,7,2020,2026,0.2711864406779661,0.02986763431569278,0.1323529411764706,0.28053435114503816,0.0
sigi,Python,439272f78178964d,7,2020,2026,0.2711864406779661,0.02986763431569278,0.1323529411764706,0.28053435114503816,0.0
sigi,Python,43b0c013197d7c11,7,2020,2026,0.2739463601532567,0.01681890958349347,0.24452554744525548,0.28053435114503816,21.0
sigi,Python,44714062d8f6b885,7,2020,2026,0.2739463601532567,0.0200516309491105,0.1323529411764706,0.45302013422818793,0.0
sigi,Python,45046ca6b345308f,5,2022,2026,0.27450980392156865,0.0013345387231478156,0.2711864406779661,0.28053435114503816,5.0
sigi,Python,47550fafeccc67fe,1,2020,2020,0.24496644295302014,0.0,0.24496644295302014,0.24496644295302014,6.0
sigi,Python,490e8d4ff65d8abb,7,2020,2026,0.2739463601532567,0.01681890958349347,0.24452554744525548,0.28053435114503816,11.0
sigi,Python,49b0faee9f48afb6,7,2020,2026,0.45302013422818793,0.2878223699017012,0.3549618320610687,0.7279411764705882,299.0
sigi,Python,4a5e1be40abcec20,5,2022,2026,0.27450980392156865,0.0013345387231478156,0.2711864406779661,0.28053435114503816,5.0
sigi,Python,4a6343cb9621526c,5,2022,2026,0.27450980392156865,0.0013345387231478156,0.2711864406779661,0.28053435114503816,0.0
sigi,Python,4b1517eeea060d24,4,2023,2026,0.2746136295148306,0.0033378816591288496,0.2711864406779661,0.28053435114503816,0.0
sigi,Python,4bca5a699d443368,7,2020,2026,0.2711864406779661,0.02986763431569278,0.1323529411764706,0.28053435114503816,0.0
sigi,Python,508f736dc9c725f7,5,2022,2026,0.27450980392156865,0.0013345387231478156,0.2711864406779661,0.28053435114503816,0.0
sigi,Python,50979800846adfe4,2,2025,2026,0.7263227000731844,0.00026906022644113126,0.7260536398467433,0.7265917602996255,66.5
sigi,Python,525cc1e7ff96e801,5,2022,2026,0.27450980392156865,0.0013345387231478156,0.2711864406779661,0.28053435114503816,5.0
sigi,Python,52e9395def22b85a,7,2020,2026,0.2711864406779661,0.02986763431569278,0.1323529411764706,0.28053435114503816,0.0
sigi,Python,56605c31439f7cc4,2,2020,2021,0.5659261255082545,0.11290599128006662,0.45302013422818793,0.6788321167883211,148.0
sigi,Python,57a61bced5c9e26a,7,2020,2026,0.2711864406779661,0.02986763431569278,0.1323529411764706,0.28053435114503816,0.0
sigi,Python,57fedd4d710b0aa1,7,2020,2026,0.2711864406779661,0.02986763431569278,0.1323529411764706,0.28053435114503816,1.0
sigi,Python,586ce3dba3b3dbd4,4,2023,2026,0.2746136295148306,0.0033378816591288496,0.2711864406779661,0.28053435114503816,0.0
sigi,Python,58a0338ae5ea2df9,7,2020,2026,0.2711864406779661,0.02986763431569278,0.1323529411764706,0.28053435114503816,0.0
sigi,Python,58b33df0ff8197b2,1,2020,2020,0.45302013422818793,0.0,0.45302013422818793,0.45302013422818793,9.0
sigi,Python,59d9ace2172d7f29,7,2020,2026,0.4042145593869732,0.13460294775402626,0.24452554744525548,0.597457627118644,15.0
sigi,Python,5a860a10457f6d49,7,2020,2026,0.2711864406779661,0.02986763431569278,0.1323529411764706,0.28053435114503816,0.0
sigi,Python,5ac4c9973912cbf6,3,2024,2026,0.2752808988764045,0.0032939954958907114,0.2739463601532567,0.28053435114503816,0.0
sigi,Python,5cec9865a56a4604,5,2022,2026,0.27450980392156865,0.0013345387231478156,0.2711864406779661,0.28053435114503816,5.0
sigi,Python,5d7c87f6a0ecb159,7,2020,2026,0.2711864406779661,0.02986763431569278,0.1323529411764706,0.28053435114503816,1.0
sigi,Python,5d92e90f6ac2f160,7,2020,2026,0.2711864406779661,0.02986763431569278,0.1323529411764706,0.28053435114503816,0.0
sigi,Python,5dd6218c876bb3dc,7,2020,2026,0.4042145593869732,0.11952725108629347,0.1323529411764706,0.722457627118644,27.0
sigi,Python,5de977f836383ddd,7,2020,2026,0.2711864406779661,0.02986763431569278,0.1323529411764706,0.28053435114503816,0.0
sigi,Python,5f5c7a371faf89c7,3,2024,2026,0.2752808988764045,0.0032939954958907114,0.2739463601532567,0.28053435114503816,0.0
sigi,Python,603a39f4d9fc9708,7,2020,2026,0.44756554307116103,0.28090629404268863,0.3093220338983051,0.6912751677852349,71.0
sigi,Python,607fc607e4b55eed,5,2022,2026,0.27450980392156865,0.0013345387231478156,0.2711864406779661,0.28053435114503816,0.0
sigi,Python,60bbe3d4752236bc,7,2020,2026,0.8620689655172413,0.45412074541564773,0.3549618320610687,0.9362745098039216,352.0
sigi,Python,60d5f150cd167735,7,2020,2026,0.44756554307116103,0.18633792978423358,0.3093220338983051,0.7965686274509803,75.0
sigi,Python,61af000091c41a48,7,2020,2026,0.2711864406779661,0.02986763431569278,0.1323529411764706,0.28053435114503816,0.0
sigi,Python,627fed5c1249f205,2,2025,2026,0.8917086400619915,0.029639674544750028,0.8620689655172413,0.9213483146067416,235.0
sigi,Python,630900e8ae7983d4,7,2020,2026,0.45302013422818793,0.2501028035399592,0.3549618320610687,0.7518248175182481,131.0
sigi,Python,6342ebb826410b9f,7,2020,2026,0.44756554307116103,0.11653818172431424,0.3549618320610687,0.6779661016949152,35.0
sigi,Python,63dcd5f2a3cf7c25,7,2020,2026,0.7977099236641222,0.45122230091591564,0.30656934306569344,0.900749063670412,270.0
sigi,Python,63e89958c148601d,1,2020,2020,0.45302013422818793,0.0,0.45302013422818793,0.45302013422818793,36.0
sigi,Python,650522506cc716ef,2,2024,2025,0.2779076250107213,0.002626726134316859,0.2752808988764045,0.28053435114503816,0.0
sigi,Python,66aa368a1c9e4406,4,2023,2026,0.6282345710958727,0.08100433736085544,0.44756554307116103,0.7394636015325671,65.5
sigi,Python,67e748cc553cfc3e,5,2022,2026,0.27450980392156865,0.0013345387231478156,0.2711864406779661,0.28053435114503816,0.0
sigi,Python,67ec9e16f2a99eac,6,2021,2026,0.2725664004156114,0.02375649344218439,0.1323529411764706,0.28053435114503816,0.0
sigi,Python,685402eb87ff8d88,4,2023,2026,0.2746136295148306,0.0033378816591288496,0.2711864406779661,0.28053435114503816,0.0
sigi,Python,6891d6802b7d9d3a,4,2023,2026,0.2746136295148306,0.0033378816591288496,0.2711864406779661,0.28053435114503816,5.0
sigi,Python,692e9553d4613211,5,2022,2026,0.44756554307116103,0.4832734620565784,0.3093220338983051,0.8620689655172413,310.0
sigi,Python,6a41ba0939976fc4,4,2023,2026,0.6411008831742322,0.059859087892390916,0.44756554307116103,0.6564885496183206,57.0
sigi,Python,6becb74c534ace66,7,2020,2026,0.2739463601532567,0.01681890958349347,0.24452554744525548,0.28053435114503816,21.0
sigi,Python,6d2c9f322f0a01fa,4,2022,2025,0.855911432369558,0.2085159513810685,0.44756554307116103,0.9255725190839694,214.5
sigi,Python,6eb5c12226af1f1d,5,2022,2026,0.4042145593869732,0.06660679538991171,0.3093220338983051,0.44756554307116103,3.0
sigi,Python,6f42eb0e9f70469a,4,2023,2026,0.2746136295148306,0.0033378816591288496,0.2711864406779661,0.28053435114503816,0.0
sigi,Python,6fbd584465403b63,5,2022,2026,0.27450980392156865,0.0013345387231478156,0.2711864406779661,0.28053435114503816,0.0
sigi,Python,7101fc2e2b0edb71,7,2020,2026,0.44756554307116103,0.26446617335009337,0.30656934306569344,0.7758620689655172,87.0
sigi,Python,71ebf5cd1e8c9102,2,2024,2025,0.2779076250107213,0.002626726134316859,0.2752808988764045,0.28053435114503816,0.0
sigi,Python,72f14aa02eb79878,7,2020,2026,0.4042145593869732,0.10242515228138382,0.30656934306569344,0.45302013422818793,42.0
sigi,Python,7317c47fc4754a79,2,2020,2021,0.2447459951991378,0.00022044775388230242,0.24452554744525548,0.24496644295302014,28.5
sigi,Python,744bea86df38f65d,1,2020,2020,0.24496644295302014,0.0,0.24496644295302014,0.24496644295302014,4911.0
sigi,Python,7550e5d40dbbd535,7,2020,2026,0.2711864406779661,0.02986763431569278,0.1323529411764706,0.28053435114503816,0.0
sigi,Python,75791ba09f6c6350,7,2020,2026,0.2711864406779661,0.02986763431569278,0.1323529411764706,0.28053435114503816,0.0
sigi,Python,773689fefebc48fe,5,2022,2026,0.27450980392156865,0.0013345387231478156,0.2711864406779661,0.28053435114503816,5.0
sigi,Python,7797c57a341827fa,5,2022,2026,0.27450980392156865,0.0013345387231478156,0.2711864406779661,0.28053435114503816,0.0
sigi,Python,77a4ef2d4b29ac2e,7,2020,2026,0.3549618320610687,0.11794436274706782,0.1323529411764706,0.45302013422818793,8.0
sigi,Python,78bc85c335111d94,7,2020,2026,0.2711864406779661,0.02986763431569278,0.1323529411764706,0.28053435114503816,0.0
sigi,Python,79ba13b486a8b65e,4,2023,2026,0.7571107893890205,0.13490620295240507,0.44756554307116103,0.8008474576271186,94.0
sigi,Python,7b930d5254e224ee,7,2020,2026,0.2711864406779661,0.02986763431569278,0.1323529411764706,0.28053435114503816,0.0
sigi,Python,7bb616c8663aff83,7,2020,2026,0.2711864406779661,0.02986763431569278,0.1323529411764706,0.28053435114503816,0.0
sigi,Python,7c0dc16a511f1b52,2,2020,2021,0.3797947386469407,0.07322539558124719,0.30656934306569344,0.45302013422818793,42.0
sigi,Python,7e6b9286602476b4,6,2021,2026,0.4258900512290671,0.3385944740650265,0.3093220338983051,0.7965686274509803,207.0
sigi,Python,7edad751cf628cbf,5,2022,2026,0.27450980392156865,0.0013345387231478156,0.2711864406779661,0.28053435114503816,0.0
sigi,Python,805b65dc352fdbb7,4,2023,2026,0.2746136295148306,0.0033378816591288496,0.2711864406779661,0.28053435114503816,0.0
sigi,Python,80de97db8f8e5eb7,1,2020,2020,0.24496644295302014,0.0,0.24496644295302014,0.24496644295302014,1.0
sigi,Python,81f7488365f2b038,5,2022,2026,0.27450980392156865,0.0013345387231478156,0.2711864406779661,0.28053435114503816,5.0
sigi,Python,82650959e4378770,1,2026,2026,0.8620689655172413,0.0,0.8620689655172413,0.8620689655172413,88.0
sigi,Python,83bf2adf89f46923,7,2020,2026,0.45302013422818793,0.3054368015459412,0.3549618320610687,0.791970802919708,171.0
sigi,Python,83f64b5341f402e0,5,2022,2026,0.27450980392156865,0.0013345387231478156,0.2711864406779661,0.28053435114503816,5.0
sigi,Python,849a7b7d0372a8fd,7,2020,2026,0.2739463601532567,0.01681890958349347,0.24452554744525548,0.28053435114503816,45.0
sigi,Python,869c1ab319f0c66c,7,2020,2026,0.7988505747126436,0.205876139406294,0.44756554307116103,0.927007299270073,154.0
sigi,Python,86f7f55f254a167d,7,2020,2026,0.2711864406779661,0.02986763431569278,0.1323529411764706,0.28053435114503816,0.0
sigi,Python,88d8365bef1499d9,1,2020,2020,0.24496644295302014,0.0,0.24496644295302014,0.24496644295302014,0.0
sigi,Python,89b2fe9c83b10cea,2,2020,2021,0.2447459951991378,0.00022044775388230242,0.24452554744525548,0.24496644295302014,237.5
sigi,Python,8a0370758a40217e,7,2020,2026,0.4042145593869732,0.11815090566998765,0.30656934306569344,0.6740196078431373,21.0
sigi,Python,8a451c3b617266fa,7,2020,2026,0.4042145593869732,0.10242515228138382,0.30656934306569344,0.45302013422818793,16.0
sigi,Python,8a73921b744382c2,7,2020,2026,0.2711864406779661,0.02986763431569278,0.1323529411764706,0.28053435114503816,0.0
sigi,Python,8a9b5231f76bf1e8,4,2023,2026,0.2746136295148306,0.0033378816591288496,0.2711864406779661,0.28053435114503816,0.0
sigi,Python,8b59a60b3edc7dc8,7,2020,2026,0.4042145593869732,0.11815090566998765,0.30656934306569344,0.6740196078431373,21.0
sigi,Python,8b5b9d2184f078b4,7,2020,2026,0.4042145593869732,0.11952725108629347,0.1323529411764706,0.722457627118644,46.0
sigi,Python,8d4d6596d76b9937,4,2023,2026,0.2746136295148306,0.0033378816591288496,0.2711864406779661,0.28053435114503816,0.0
sigi,Python,8fbbf6d3f95d7b81,7,2020,2026,0.946078431372549,0.02115437248039731,0.45302013422818793,0.9885496183206107,343.0
sigi,Python,9034c146aa7d1db3,5,2022,2026,0.44756554307116103,0.2036285778679287,0.3549618320610687,0.6461864406779662,21.0
sigi,Python,90556ae2e87886f6,5,2022,2026,0.4042145593869732,0.06660679538991171,0.3093220338983051,0.44756554307116103,23.0
sigi,Python,915a4285d0454702,7,2020,2026,0.4215686274509804,0.0707046429256536,0.3093220338983051,0.551094890510949,13.0
sigi,Python,92634744888ad357,5,2022,2026,0.27450980392156865,0.0013345387231478156,0.2711864406779661,0.28053435114503816,0.0
sigi,Python,92e393dca2da3deb,7,2020,2026,0.2711864406779661,0.02986763431569278,0.1323529411764706,0.28053435114503816,0.0
sigi,Python,92f14a26383f321f,1,2020,2020,0.24496644295302014,0.0,0.24496644295302014,0.24496644295302014,0.0
sigi,Python,933b6cf474bf5754,7,2020,2026,0.2739463601532567,0.01681890958349347,0.24452554744525548,0.28053435114503816,7.0
sigi,Python,940f2f913e6b7f45,4,2023,2026,0.7600837753913832,0.15479687878691228,0.44756554307116103,0.8409961685823755,114.0
sigi,Python,944779c85cc9de28,4,2022,2025,0.5448612029081296,0.294491167333406,0.3549618320610687,0.9491525423728814,253.0
sigi,Python,947a6d2d9cc9d758,7,2020,2026,0.2739463601532567,0.01681890958349347,0.24452554744525548,0.28053435114503816,4.0
sigi,Python,9611b68f4a50c5da,3,2024,2026,0.8620689655172413,0.22659890785373238,0.44756554307116103,0.9007633587786259,556.0
sigi,Python,9789c79108f08574,7,2020,2026,0.2711864406779661,0.02986763431569278,0.1323529411764706,0.28053435114503816,0.0
sigi,Python,983be6148b754221,4,2023,2026,0.6226377333676416,0.3765970184793335,0.4042145593869732,0.8601694915254238,95.0
sigi,Python,9b13fe7454f1f580,7,2020,2026,0.8455882352941176,0.2635688249229492,0.30656934306569344,0.9252873563218391,75.0
sigi,Python,9bace3f967d8a754,5,2022,2026,0.27450980392156865,0.0013345387231478156,0.2711864406779661,0.28053435114503816,0.0
sigi,Python,9d457144b9907736,2,2024,2025,0.2779076250107213,0.002626726134316859,0.2752808988764045,0.28053435114503816,0.0
sigi,Python,9dda081d9bd103d4,3,2024,2026,0.2752808988764045,0.0032939954958907114,0.2739463601532567,0.28053435114503816,4.0
sigi,Python,9e0b8dfa3274f0f3,7,2020,2026,0.45302013422818793,0.2747548207244155,0.3549618320610687,0.7401960784313726,336.0
sigi,Python,9f59d9a03fb1e674,3,2024,2026,0.2752808988764045,0.0032939954958907114,0.2739463601532567,0.28053435114503816,0.0
sigi,Python,a082304819d81284,1,2020,2020,0.45302013422818793,0.0,0.45302013422818793,0.45302013422818793,8.0
sigi,Python,a18f90228f551f9e,5,2022,2026,0.27450980392156865,0.0013345387231478156,0.2711864406779661,0.28053435114503816,0.0
sigi,Python,a2793963958501d4,4,2023,2026,0.2746136295148306,0.0033378816591288496,0.2711864406779661,0.28053435114503816,14.0
sigi,Python,a3b5aff9ba1ce54e,7,2020,2026,0.2739463601532567,0.01681890958349347,0.24452554744525548,0.28053435114503816,3.0
sigi,Python,a4cfe5ddc9b58f6e,4,2023,2026,0.596664127467784,0.3306095039237636,0.4042145593869732,0.8320610687022901,48.0
sigi,Python,a560bff07dfca4ee,5,2022,2026,0.7965686274509803,0.07525229654547816,0.44756554307116103,0.8409961685823755,90.0
sigi,Python,a59edcbe3128220c,6,2021,2026,0.510279121900544,0.2098135169332851,0.3549618320610687,0.6779661016949152,51.0
sigi,Python,a5de56c766db1ec8,7,2020,2026,0.6751824817518248,0.314861126934489,0.4042145593869732,0.8553921568627451,106.0
sigi,Python,a7170e83589872f8,2,2024,2025,0.2779076250107213,0.002626726134316859,0.2752808988764045,0.28053435114503816,0.0
sigi,Python,a71a5135537581ba,1,2020,2020,0.45302013422818793,0.0,0.45302013422818793,0.45302013422818793,17.0
sigi,Python,a74843c186ab8dc7,7,2020,2026,0.4042145593869732,0.11952725108629347,0.1323529411764706,0.722457627118644,81.0
sigi,Python,a7526c60ea2a2936,2,2025,2026,0.8399737397218994,0.001022428860476099,0.8389513108614233,0.8409961685823755,181.0
sigi,Python,a7ff0ee5505b47c4,7,2020,2026,0.2711864406779661,0.02986763431569278,0.1323529411764706,0.28053435114503816,0.0
sigi,Python,a84cf89bd26b57f3,3,2024,2026,0.2752808988764045,0.0032939954958907114,0.2739463601532567,0.28053435114503816,0.0
sigi,Python,aa50adb1a44b0d29,5,2022,2026,0.27450980392156865,0.0013345387231478156,0.2711864406779661,0.28053435114503816,0.0
sigi,Python,ab337351bd2b1a63,4,2023,2026,0.4258900512290671,0.09313718652753472,0.3549618320610687,0.597457627118644,11.0
sigi,Python,ab57cc553526c5a8,4,2023,2026,0.7562112245189696,0.10511260656797083,0.4042145593869732,0.7817796610169492,149.5
sigi,Python,ab5f1ab4f91b335c,2,2024,2025,0.2779076250107213,0.002626726134316859,0.2752808988764045,0.28053435114503816,0.0
sigi,Python,ac5576f6d01fd4cb,2,2025,2026,0.865491411597572,0.003422446080330599,0.8620689655172413,0.8689138576779026,151.5
sigi,Python,ae1cabde8430f52d,4,2023,2026,0.2746136295148306,0.0033378816591288496,0.2711864406779661,0.28053435114503816,0.0
sigi,Python,ae7872ae12ab6e08,5,2022,2026,0.27450980392156865,0.0013345387231478156,0.2711864406779661,0.28053435114503816,29.0
sigi,Python,ae9a0ee89dd8ca90,7,2020,2026,0.4042145593869732,0.11815090566998765,0.1323529411764706,0.6788321167883211,76.0
sigi,Python,af7f4bb3f78a8a1b,5,2022,2026,0.4042145593869732,0.06660679538991171,0.3093220338983051,0.44756554307116103,6.0
sigi,Python,afe0213102953fd6,4,2023,2026,0.8961785056814575,0.16480811531148898,0.4042145593869732,0.9236641221374046,264.0
sigi,Python,b20f9318cffd68ff,5,2022,2026,0.27450980392156865,0.0013345387231478156,0.2711864406779661,0.28053435114503816,0.0
sigi,Python,b2c4c1c0368dd2fb,7,2020,2026,0.9213483146067416,0.15514388593392892,0.3549618320610687,0.9444444444444444,974.0
sigi,Python,b3b91bb3264c4ba6,5,2022,2026,0.27450980392156865,0.0013345387231478156,0.2711864406779661,0.28053435114503816,0.0
sigi,Python,b3c7cc81c03f8e3d,2,2025,2026,0.9478776529338326,0.0034332084893883286,0.9444444444444444,0.951310861423221,394.5
sigi,Python,b580b96d1ccc27b1,5,2022,2026,0.4042145593869732,0.06660679538991171,0.3093220338983051,0.44756554307116103,21.0
sigi,Python,b6b05d3f39739684,5,2022,2026,0.4042145593869732,0.09260371101009235,0.3093220338983051,0.6421568627450981,17.0
sigi,Python,b83e1f02aadfa305,7,2020,2026,0.2711864406779661,0.02986763431569278,0.1323529411764706,0.28053435114503816,0.0
sigi,Python,b8476bdbd6894af6,7,2020,2026,0.4042145593869732,0.11815090566998765,0.30656934306569344,0.6421568627450981,108.0
sigi,Python,b9c3c5eef75c45d4,5,2022,2026,0.27450980392156865,0.0013345387231478156,0.2711864406779661,0.28053435114503816,0.0
sigi,Python,ba19cff85959562c,7,2020,2026,0.2711864406779661,0.02986763431569278,0.1323529411764706,0.28053435114503816,1.0
sigi,Python,bdaad47a7736c2d8,4,2020,2023,0.3811710840632465,0.1726753571280476,0.30656934306569344,0.5661764705882353,11.0
sigi,Python,bdc726e110c4b8bc,5,2022,2026,0.27450980392156865,0.0013345387231478156,0.2711864406779661,0.28053435114503816,4.0
sigi,Python,bf328543d0cd2c7a,3,2024,2026,0.2752808988764045,0.0032939954958907114,0.2739463601532567,0.28053435114503816,5.0
sigi,Python,c0152d30ad6b391a,7,2020,2026,0.2711864406779661,0.02986763431569278,0.1323529411764706,0.28053435114503816,1.0
sigi,Python,c13baf31fe917fe2,6,2021,2026,0.2725664004156114,0.02375649344218439,0.1323529411764706,0.28053435114503816,0.0
sigi,Python,c1ce5805984baa30,7,2020,2026,0.7867647058823529,0.25264674712337265,0.44756554307116103,0.927007299270073,184.0
sigi,Python,c2913a909d69ddad,5,2022,2026,0.4042145593869732,0.06660679538991171,0.3093220338983051,0.44756554307116103,61.0
sigi,Python,c327281fb8bafe1b,4,2023,2026,0.6321920254561985,0.4784130070061737,0.3549618320610687,0.900749063670412,137.0
sigi,Python,c335023e075c43d8,5,2022,2026,0.27450980392156865,0.0013345387231478156,0.2711864406779661,0.28053435114503816,0.0
sigi,Python,c33b2cb3f47f2744,5,2022,2026,0.4215686274509804,0.04335098368418783,0.3093220338983051,0.7881679389312977,56.0
sigi,Python,c36e5954dae8e589,3,2024,2026,0.2752808988764045,0.0032939954958907114,0.2739463601532567,0.28053435114503816,0.0
sigi,Python,c3a073ae3ac4b2c0,7,2020,2026,0.2739463601532567,0.01681890958349347,0.24452554744525548,0.28053435114503816,83.0
sigi,Python,c3a21909f45ef8bb,6,2021,2026,0.5899527694289395,0.3141712426282213,0.4042145593869732,0.8416030534351145,186.0
sigi,Python,c58dee53678b1d52,7,2020,2026,0.7977099236641222,0.42341935809342957,0.30656934306569344,0.8946360153256705,185.0
sigi,Python,c5d4c6bc5af85992,7,2020,2026,0.45302013422818793,0.2747548207244155,0.3549618320610687,0.7401960784313726,185.0
sigi,Python,c62a524d45574cb5,1,2020,2020,0.45302013422818793,0.0,0.45302013422818793,0.45302013422818793,55.0
sigi,Python,c7471d86469699a9,5,2022,2026,0.27450980392156865,0.0013345387231478156,0.2711864406779661,0.28053435114503816,0.0
sigi,Python,c7668cc04617f128,5,2022,2026,0.27450980392156865,0.0013345387231478156,0.2711864406779661,0.28053435114503816,0.0
sigi,Python,c7c3631e09500518,5,2022,2026,0.27450980392156865,0.0013345387231478156,0.2711864406779661,0.28053435114503816,16.0
sigi,Python,c85b8fe8f692c4d7,7,2020,2026,0.9730392156862745,0.014812860644094372,0.8859060402684564,0.9854014598540146,866.0
sigi,Python,c8a504c1f6247f72,5,2022,2026,0.27450980392156865,0.0013345387231478156,0.2711864406779661,0.28053435114503816,0.0
sigi,Python,c8b1914885fb82b1,7,2020,2026,0.8995098039215687,0.09700166779620689,0.722457627118644,0.9463087248322147,299.0
sigi,Python,c8bdab2e2b0ebb9b,7,2020,2026,0.44756554307116103,0.4208089704417154,0.3093220338983051,0.8489932885906041,156.0
sigi,Python,c8bfa9ae41c47f30,4,2023,2026,0.4258900512290671,0.11326430517160252,0.3549618320610687,0.6779661016949152,52.0
sigi,Python,c8fc5ddb43adb8f2,7,2020,2026,0.4042145593869732,0.2720489897777678,0.24452554744525548,0.7265917602996255,33.0
sigi,Python,cb808c8c2fb2fa63,5,2022,2026,0.4215686274509804,0.09260371101009235,0.3093220338983051,0.8275862068965517,46.0
sigi,Python,cbf3d8e09ce5306a,5,2022,2026,0.27450980392156865,0.0013345387231478156,0.2711864406779661,0.28053435114503816,0.0
sigi,Python,ccf09753e7213f9b,7,2020,2026,0.2739463601532567,0.01681890958349347,0.24452554744525548,0.28053435114503816,59.0
sigi,Python,cd49ef0e889b87a9,7,2020,2026,0.45302013422818793,0.33006316520889345,0.30656934306569344,0.8084291187739464,179.0
sigi,Python,cdc2c091496a3cb2,5,2022,2026,0.44756554307116103,0.19883887572753062,0.3093220338983051,0.6078431372549019,57.0
sigi,Python,ce39ea742926ed7a,5,2022,2026,0.27450980392156865,0.0013345387231478156,0.2711864406779661,0.28053435114503816,5.0
sigi,Python,ce44b53bba4681d0,7,2020,2026,0.9681647940074907,0.23393005205558604,0.45302013422818793,0.9957627118644068,1580.0
sigi,Python,cfa5ed591fa074b6,7,2020,2026,0.2711864406779661,0.02986763431569278,0.1323529411764706,0.28053435114503816,0.0
sigi,Python,d0f73212f4ced106,7,2020,2026,0.2711864406779661,0.02986763431569278,0.1323529411764706,0.28053435114503816,1.0
sigi,Python,d133df57627c25a3,7,2020,2026,0.722457627118644,0.33102054877426057,0.3549618320610687,0.8321167883211679,141.0
sigi,Python,d4205c7579520938,4,2023,2026,0.2746136295148306,0.0033378816591288496,0.2711864406779661,0.28053435114503816,0.0
sigi,Python,d610ef22180aa08e,1,2026,2026,0.2739463601532567,0.0,0.2739463601532567,0.2739463601532567,2.0
sigi,Python,d6a5739a96118207,3,2024,2026,0.2752808988764045,0.0032939954958907114,0.2739463601532567,0.28053435114503816,0.0
sigi,Python,d7b36760c896feba,1,2020,2020,0.24496644295302014,0.0,0.24496644295302014,0.24496644295302014,0.0
sigi,Python,d89e6c894bfce0d9,5,2022,2026,0.27450980392156865,0.0013345387231478156,0.2711864406779661,0.28053435114503816,6.0
sigi,Python,da9cd9de76b82461,7,2020,2026,0.44756554307116103,0.16800030276262212,0.30656934306569344,0.722457627118644,61.0
sigi,Python,da9e0e98268279a1,4,2023,2026,0.2746136295148306,0.0033378816591288496,0.2711864406779661,0.28053435114503816,0.0
sigi,Python,dd642c7c42883da7,5,2022,2026,0.27450980392156865,0.0013345387231478156,0.2711864406779661,0.28053435114503816,0.0
sigi,Python,dec1ffd66e62d101,7,2020,2026,0.44756554307116103,0.1680897546017519,0.3093220338983051,0.7034313725490197,72.0
sigi,Python,ded6e45a2b68649e,5,2022,2026,0.27450980392156865,0.17361918291790435,0.2711864406779661,0.8854961832061069,28.0
sigi,Python,df1e9e3d493ecc26,3,2024,2026,0.7881679389312977,0.1804317878513928,0.44756554307116103,0.8084291187739464,116.0
sigi,Python,df796c6bfed53cbe,5,2022,2026,0.27450980392156865,0.0013345387231478156,0.2711864406779661,0.28053435114503816,0.0
sigi,Python,e42ad75f113c320d,1,2020,2020,0.24496644295302014,0.0,0.24496644295302014,0.24496644295302014,1.0
sigi,Python,e61d8ea0f239c0a5,7,2020,2026,0.4042145593869732,0.11952725108629347,0.1323529411764706,0.597457627118644,48.0
sigi,Python,e6219323385f4e66,5,2022,2026,0.27450980392156865,0.0013345387231478156,0.2711864406779661,0.28053435114503816,0.0
sigi,Python,e6cdf065f9134180,4,2023,2026,0.2746136295148306,0.0033378816591288496,0.2711864406779661,0.28053435114503816,0.0
sigi,Python,e6e699d98f65d62c,7,2020,2026,0.2711864406779661,0.02986763431569278,0.1323529411764706,0.28053435114503816,1.0
sigi,Python,e8c4484217913e4f,7,2020,2026,0.9635036496350365,0.03335770509135694,0.8601694915254238,0.9966442953020134,597.0
sigi,Python,e980b52d58bce66c,7,2020,2026,0.44756554307116103,0.21701991060575931,0.3093220338983051,0.8467153284671532,193.0
sigi,Python,eb01423883428586,5,2022,2026,0.27450980392156865,0.0013345387231478156,0.2711864406779661,0.28053435114503816,5.0
sigi,Python,ed5390254108bcda,4,2023,2026,0.6226377333676416,0.3686521032250962,0.4042145593869732,0.8283898305084746,101.0
sigi,Python,edc63163974e59e9,4,2023,2026,0.2746136295148306,0.0033378816591288496,0.2711864406779661,0.28053435114503816,0.0
sigi,Python,efa0b7dde8985b91,3,2024,2026,0.2752808988764045,0.0032939954958907114,0.2739463601532567,0.28053435114503816,0.0
sigi,Python,f0f2ed33d1c68f95,3,2020,2022,0.45302013422818793,0.26583297552597684,0.30656934306569344,0.8382352941176471,184.0
sigi,Python,f3cf235d8440c123,7,2020,2026,0.4042145593869732,0.11815090566998765,0.1323529411764706,0.791970802919708,336.0
sigi,Python,f444fdd30cd79092,5,2022,2026,0.4042145593869732,0.06660679538991171,0.3093220338983051,0.44756554307116103,10.0
sigi,Python,f56e49dd536a4c18,7,2020,2026,0.2711864406779661,0.02986763431569278,0.1323529411764706,0.28053435114503816,0.0
sigi,Python,f7df8390182d11ae,2,2020,2021,0.2447459951991378,0.00022044775388230242,0.24452554744525548,0.24496644295302014,13.0
sigi,Python,f86e5cc407c9a165,5,2022,2026,0.27450980392156865,0.0013345387231478156,0.2711864406779661,0.28053435114503816,5.0
sigi,Python,f8b72ddaa48b327a,1,2020,2020,0.45302013422818793,0.0,0.45302013422818793,0.45302013422818793,64.0
sigi,Python,f91e9fa3e62d2de4,4,2023,2026,0.6513374951481434,0.011907777624160287,0.6441947565543071,0.6609195402298851,65.5
sigi,Python,f9419bc7b13faeae,7,2020,2026,0.4042145593869732,0.11815090566998765,0.30656934306569344,0.6421568627450981,33.0
sigi,Python,fa50f2b896c15ac0,5,2022,2026,0.27450980392156865,0.0013345387231478156,0.2711864406779661,0.28053435114503816,0.0
sigi,Python,fb029c4528e1c79f,7,2020,2026,0.44756554307116103,0.09874668890832128,0.3093220338983051,0.5661764705882353,20.0
sigi,Python,fb8582f50c7b01a4,4,2023,2026,0.5331697447156571,0.1953861834345278,0.3549618320610687,0.6228813559322034,40.0
sigi,Python,fc5eb1d5703320c5,7,2020,2026,0.44756554307116103,0.3027190492078501,0.30656934306569344,0.9328859060402684,728.0
sigi,Python,fca3e46e968ae90c,7,2020,2026,0.5100671140939598,0.20320193960910038,0.3093220338983051,0.7752808988764045,53.0
sigi,Python,fcc76efdac028533,1,2023,2023,0.6461864406779662,0.0,0.6461864406779662,0.6461864406779662,20.0
sigi,Python,ff6c355c2b324381,7,2020,2026,0.2739463601532567,0.01681890958349347,0.24452554744525548,0.28053435114503816,14.0
