project_id,language,high_file_id,high_h_median,control_file_id,control_h_median,distance
sigi,Python,c85b8fe8f692c4d7,0.9730392156862745,89b2fe9c83b10cea,0.2447459951991378,21.367448401739786
sigi,Python,ce44b53bba4681d0,0.9681647940074907,3f31b4cbfb6621d2,0.2739463601532567,46.78060302433404
sigi,Python,e8c4484217913e4f,0.9635036496350365,11a12bda9603082a,0.2739463601532567,16.454805133559354
sigi,Python,1cf477cc6f7c09f9,0.9598540145985401,c3a073ae3ac4b2c0,0.2739463601532567,14.482948320033652
sigi,Python,b3c7cc81c03f8e3d,0.9478776529338326,079aea8483c1136d,0.2739463601532567,11.974341145116275
sigi,Python,8fbbf6d3f95d7b81,0.946078431372549,ccf09753e7213f9b,0.2739463601532567,9.655298880022434
sigi,Python,419970de88378335,0.9444444444444444,849a7b7d0372a8fd,0.2739463601532567,32.80761767331566
sigi,Python,b2c4c1c0368dd2fb,0.9213483146067416,2367713b07682c92,0.27450980392156865,31.922992048730755
sigi,Python,1fc983b8df7bd048,0.912751677852349,7317c47fc4754a79,0.2447459951991378,40.1340856615017
sigi,Python,c8b1914885fb82b1,0.8995098039215687,1a1eb5445fcb6e82,0.2739463601532567,9.281326036077902
sigi,Python,afe0213102953fd6,0.8961785056814575,ae7872ae12ab6e08,0.27450980392156865,8.022605137342937
sigi,Python,627fed5c1249f205,0.8917086400619915,ded6e45a2b68649e,0.27450980392156865,7.369431741272961
sigi,Python,ac5576f6d01fd4cb,0.865491411597572,a2793963958501d4,0.2746136295148306,4.896724005463134
sigi,Python,9611b68f4a50c5da,0.8620689655172413,140cf21e14dafd23,0.27450980392156865,18.314792133487195
sigi,Python,60bbe3d4752236bc,0.8620689655172413,43b0c013197d7c11,0.2739463601532567,11.253182849603611
sigi,Python,3fcea63a011060a7,0.8614232209737828,c7c3631e09500518,0.27450980392156865,2.685804970147085
sigi,Python,6d2c9f322f0a01fa,0.855911432369558,6becb74c534ace66,0.2739463601532567,6.738131075449608
sigi,Python,9b13fe7454f1f580,0.8455882352941176,2b19b523a1dc68ee,0.2739463601532567,2.0398518760610775
sigi,Python,2ce2ec12d13318e6,0.8409961685823755,40e79634ea37a42a,0.2711864406779661,9.213330973542531
sigi,Python,a7526c60ea2a2936,0.8399737397218994,12bcbd17acf92e4c,0.2752808988764045,5.892834758033604
sigi,Python,1cebe78c65930d30,0.827015881372291,1871fb5bbf77218f,0.2746136295148306,6.901498847339979
sigi,Python,4053efda00216adf,0.8180076628352491,ff6c355c2b324381,0.2739463601532567,5.609592659167963
sigi,Python,869c1ab319f0c66c,0.7988505747126436,f7df8390182d11ae,0.2447459951991378,4.7936519087435325
sigi,Python,63dcd5f2a3cf7c25,0.7977099236641222,490e8d4ff65d8abb,0.2739463601532567,8.805360598330317
sigi,Python,c58dee53678b1d52,0.7977099236641222,933b6cf474bf5754,0.2739463601532567,6.051560565647863
sigi,Python,a560bff07dfca4ee,0.7965686274509803,127b6e3e9d0d95e1,0.27450980392156865,2.8557926264855085
sigi,Python,df1e9e3d493ecc26,0.7881679389312977,02750aa979aad36b,0.2752808988764045,3.705730908177624
sigi,Python,c1ce5805984baa30,0.7867647058823529,947a6d2d9cc9d758,0.2739463601532567,6.119555628183233
