project_id,year,relation,spearman_rho,spearman_p,partial_spearman_rho_control_nloc,partial_spearman_p,n_files,status
sigi,2020,nmod_vs_ccn,0.33263323139851875,3.401645430311287e-05,0.16776069330557755,0.04084982262508869,149,ok
sigi,2020,churn_vs_ccn,0.39997321413601045,4.332052151723149e-07,0.17241517920939642,0.03549691617870496,149,ok
sigi,2021,nmod_vs_ccn,0.5404443037632731,9.327683866303023e-12,-0.10842398371236325,0.20724987623142996,137,ok
sigi,2021,churn_vs_ccn,0.5877835387685,4.318271953454982e-14,-0.06713544268947341,0.4356969003746279,137,ok
sigi,2022,nmod_vs_ccn,0.5731896091151117,3.271914369653912e-19,-0.19602868250157812,0.004954765097255678,204,ok
sigi,2022,churn_vs_ccn,0.7432521684673142,4.1062870729057985e-37,-0.20415121218944463,0.0034021380427017647,204,ok
sigi,2023,nmod_vs_ccn,0.5380899923629066,4.08964221850375e-19,0.1314547478334404,0.04364472212025611,236,ok
sigi,2023,churn_vs_ccn,0.6351590566648014,4.612575897349896e-28,0.14510676552036408,0.02580407264587649,236,ok
sigi,2024,nmod_vs_ccn,0.3308351983484731,4.142884792348444e-08,-0.01714690000280897,0.782363701995054,262,ok
sigi,2024,churn_vs_ccn,0.46563683388268357,1.6686605129936448e-15,-0.011699409926623076,0.8505062989893514,262,ok
sigi,2025,nmod_vs_ccn,0.4148852872752696,1.5648627255923217e-12,0.05903360513749813,0.33658755955416936,267,ok
sigi,2025,churn_vs_ccn,0.4234610838072039,4.830890394240174e-13,0.07751837214383213,0.20672631913987188,267,ok
sigi,2026,nmod_vs_ccn,0.49020213628984877,3.488814877915067e-17,0.05971212261219913,0.3365993124698705,261,ok
sigi,2026,churn_vs_ccn,0.49438909791829894,1.7103175138499663e-17,0.071487190985032,0.2497978638329212,261,ok
