system,pair_id,pair_status,hotspot_path,control_path,hotspot_resolution_mode,control_resolution_mode,hotspot_source_revision,control_source_revision,hotspot_issues_per_kloc,control_issues_per_kloc,difference_hotspot_minus_control,hotspot_complexity_max,control_complexity_max,hotspot_mi,control_mi
Novo SGP,1,ok,src/SME.SGP.Aplicacao/CasosDeUso/ConselhoClasse/ObterNotasFrequenciaUseCase.cs,src/SME.SGP.Infra/Constantes/ConstantesMenuPermissao.cs,head,head,c7c06015d2be880c1f5c854cad0c080c4508343a,c7c06015d2be880c1f5c854cad0c080c4508343a,0.0,0.0,0.0,,,,
Novo SGP,2,ok,src/SME.SGP.Aplicacao/Integracoes/ServicoEOL.cs,src/SME.SGP.Dados/Mapeamentos/RegistrarMapeamentos.cs,historical,head,49d9129b0776d1fc0e9b75f92eb7eda527963e26,c7c06015d2be880c1f5c854cad0c080c4508343a,0.0,0.0,0.0,,,,
Novo SGP,3,ok,src/SME.SGP.Dados/Repositorios/RepositorioTurmaConsulta.cs,src/SME.SGP.Infra/Enumerados/Permissao.cs,head,head,c7c06015d2be880c1f5c854cad0c080c4508343a,c7c06015d2be880c1f5c854cad0c080c4508343a,0.0,0.0,0.0,,,,
Novo SGP,4,ok,src/SME.SGP.Dados/Repositorios/RepositorioAulaConsulta.cs,src/SME.SGP.Infra.Consts/ServicosEolConstants.cs,head,head,c7c06015d2be880c1f5c854cad0c080c4508343a,c7c06015d2be880c1f5c854cad0c080c4508343a,0.0,0.0,0.0,,,,
Novo SGP,5,ok,src/SME.SGP.Dominio.Servicos/ServicoFechamentoTurmaDisciplina.cs,src/SME.SGP.Infra.Mensageria/Rotas/RotasRabbitSgp.cs,head,head,c7c06015d2be880c1f5c854cad0c080c4508343a,c7c06015d2be880c1f5c854cad0c080c4508343a,0.0,0.0,0.0,,,,
Painel e-SUS APS,21,ok,painel-esus/src/main/adapters/nominal_list_adapter.py,painel-esus/src/infra/create_base/polars/scripts_dados/tb_equipe.py,head,head,d21fe44562fd73c4ae46261a40496079b6e94f15,d21fe44562fd73c4ae46261a40496079b6e94f15,12.53,86.63,-74.1,10.0,0,17.15,60.99
Painel e-SUS APS,22,ok,painel-esus/src/infra/db/repositories/demographics_info_v2.py,painel-esus/src/infra/db/repositories/sqls/pessoa/lista_nominal.py,head,head,d21fe44562fd73c4ae46261a40496079b6e94f15,d21fe44562fd73c4ae46261a40496079b6e94f15,58.1,9.3,48.8,5.0,0,51.91,100.0
Painel e-SUS APS,23,ok,painel-esus/src/infra/db/repositories/children/children_repository.py,painel-esus/src/infra/db/repositories/sqls/tabelas.py,head,head,d21fe44562fd73c4ae46261a40496079b6e94f15,d21fe44562fd73c4ae46261a40496079b6e94f15,31.09,5.26,25.83,5.0,0,68.22,100.0
Painel e-SUS APS,24,ok,painel-esus/src/main/adapters/records_adapter.py,painel-esus/src/infra/db/repositories/sqls/smoking/smoking_base.py,head,head,d21fe44562fd73c4ae46261a40496079b6e94f15,d21fe44562fd73c4ae46261a40496079b6e94f15,27.21,12.2,15.01,5.0,0,50.7,100.0
Painel e-SUS APS,25,ok,painel-esus/src/infra/db/repositories/disease/nominal_list/diabetes_nominal_list_repository.py,painel-esus/src/infra/db/repositories/sqls/atendimento_individual_cid_ciaps_nascimento.py,head,head,d21fe44562fd73c4ae46261a40496079b6e94f15,d21fe44562fd73c4ae46261a40496079b6e94f15,101.69,12.66,89.03,18.0,0,52.64,100.0
SAPL,10,ok,sapl/utils.py,sapl/relatorios/templates/pdf_detalhe_materia_preparar_pysc.py,head,head,ecfd65a8b353be5368bce5ff624d19f4b95d3491,ecfd65a8b353be5368bce5ff624d19f4b95d3491,174.1,250.0,-75.9,20.0,0,4.02,49.82
SAPL,6,ok,sapl/sessao/views.py,sapl/legacy/models.py,head,historical,ecfd65a8b353be5368bce5ff624d19f4b95d3491,6a3f2c77a4df9de4a09bc3c0ee7e2ed84540ca03,138.5,271.57,-133.07,52.0,1.0,0.0,100.0
SAPL,7,ok,sapl/materia/views.py,sapl/settings.py,head,head,ecfd65a8b353be5368bce5ff624d19f4b95d3491,ecfd65a8b353be5368bce5ff624d19f4b95d3491,172.53,54.17,118.36,16.0,8.0,0.0,53.16
SAPL,8,ok,sapl/base/views.py,sapl/relatorios/templates/pdf_sessao_plenaria_preparar_pysc.py,head,head,ecfd65a8b353be5368bce5ff624d19f4b95d3491,ecfd65a8b353be5368bce5ff624d19f4b95d3491,184.6,264.08,-79.48,10.0,0,1.22,41.09
SAPL,9,ok,sapl/relatorios/views.py,sapl/sessao/urls.py,head,head,ecfd65a8b353be5368bce5ff624d19f4b95d3491,ecfd65a8b353be5368bce5ff624d19f4b95d3491,84.44,104.35,-19.91,55.0,0,0.0,76.59
SIGA,11,ok,siga-ex/src/main/java/br/gov/jfrj/siga/ex/bl/ExBL.java,sigasr/src/main/java/br/gov/jfrj/siga/sr/model/SrSolicitacao.java,head,head,c65f287e84f1a0626c79310da0245bc8abb3175c,c65f287e84f1a0626c79310da0245bc8abb3175c,133.28,75.28,58.0,2231.0,895.0,,
SIGA,12,ok,sigaex/src/main/java/br/gov/jfrj/siga/vraptor/ExMovimentacaoController.java,sigagc/src/main/java/br/gov/jfrj/siga/gc/util/diff_match_patch.java,head,head,c65f287e84f1a0626c79310da0245bc8abb3175c,c65f287e84f1a0626c79310da0245bc8abb3175c,63.28,116.27,-52.99,893.0,407.0,,
SIGA,13,ok,sigaex/src/main/java/br/gov/jfrj/siga/vraptor/ExDocumentoController.java,sigasr/src/main/java/br/gov/jfrj/siga/sr/reports/SrRelPrazo.java,head,head,c65f287e84f1a0626c79310da0245bc8abb3175c,c65f287e84f1a0626c79310da0245bc8abb3175c,83.39,238.19,-154.8,588.0,164.0,,
SIGA,14,ok,siga-ex/src/main/java/br/gov/jfrj/siga/hibernate/ExDao.java,sigasr/src/main/java/br/gov/jfrj/siga/sr/vraptor/SolicitacaoController.java,head,head,c65f287e84f1a0626c79310da0245bc8abb3175c,c65f287e84f1a0626c79310da0245bc8abb3175c,96.7,100.45,-3.75,510.0,323.0,,
SIGA,15,ok,siga-cp/src/main/java/br/gov/jfrj/siga/dp/dao/CpDao.java,sigatp/src/main/java/br/gov/jfrj/siga/tp/vraptor/MissaoController.java,head,head,c65f287e84f1a0626c79310da0245bc8abb3175c,c65f287e84f1a0626c79310da0245bc8abb3175c,67.45,93.5,-26.05,533.0,195.0,,
SIGI,16,ok,sigi/apps/convenios/models.py,sigi/apps/convenios/reports.py,head,historical,5e50b2ef7aa098317df067968bb7f8a7a5c1d66e,2329bb8ba06a15528b4fad00f2d4d929b56597bd,134.04,188.06,-54.02,13.0,1.0,24.69,53.23
SIGI,17,ok,sigi/apps/eventos/admin.py,sigi/settings.py,head,head,5e50b2ef7aa098317df067968bb7f8a7a5c1d66e,5e50b2ef7aa098317df067968bb7f8a7a5c1d66e,98.22,36.93,61.29,19.0,0,0.0,63.91
SIGI,18,ok,sigi/apps/casas/views.py,sigi/apps/relatorios/reports.py,head,head,5e50b2ef7aa098317df067968bb7f8a7a5c1d66e,5e50b2ef7aa098317df067968bb7f8a7a5c1d66e,80.44,181.1,-100.66,20.0,1.0,19.26,58.44
SIGI,19,ok,sigi/apps/casas/admin.py,sigi/apps/home/urls.py,head,head,5e50b2ef7aa098317df067968bb7f8a7a5c1d66e,5e50b2ef7aa098317df067968bb7f8a7a5c1d66e,126.14,21.98,104.16,7.0,0,28.41,100.0
SIGI,20,ok,sigi/apps/servicos/dashboards.py,sigi/apps/diagnosticos/urls.py,head,head,5e50b2ef7aa098317df067968bb7f8a7a5c1d66e,5e50b2ef7aa098317df067968bb7f8a7a5c1d66e,150.5,41.1,109.4,8.0,0,22.3,100.0
