pair_id,system,group,language,tool,target_path,resolved_path,status,resolution_mode,source_revision,issues_total,warning,error,complexity_avg,complexity_max,maintainability_index,loc,project,restore_returncode,build_returncode,issues_per_kloc,todo,fixme,hack,xxx,fatal,refactor,convention,info,priority_1,priority_2,priority_3,priority_4,priority_5,complexity_rule_hits
1,Novo SGP,hotspot,csharp,Roslyn/.NET analyzers,src/SME.SGP.Aplicacao/CasosDeUso/ConselhoClasse/ObterNotasFrequenciaUseCase.cs,src/SME.SGP.Aplicacao/CasosDeUso/ConselhoClasse/ObterNotasFrequenciaUseCase.cs,ok,head,c7c06015d2be880c1f5c854cad0c080c4508343a,0,0,0,,,,750,src\SME.SGP.Aplicacao\SME.SGP.Aplicacao.csproj,0,0,0.0,0,0,0,0,,,,,,,,,,
1,Novo SGP,control,csharp,Roslyn/.NET analyzers,src/SME.SGP.Infra/Constantes/ConstantesMenuPermissao.cs,src/SME.SGP.Infra/Constantes/ConstantesMenuPermissao.cs,ok,head,c7c06015d2be880c1f5c854cad0c080c4508343a,0,0,0,,,,358,src\SME.SGP.Infra\SME.SGP.Infra.csproj,0,0,0.0,0,0,0,0,,,,,,,,,,
2,Novo SGP,hotspot,csharp,Roslyn/.NET analyzers,src/SME.SGP.Aplicacao/Integracoes/ServicoEOL.cs,src/SME.SGP.Aplicacao/Integracoes/ServicoEOL.cs,ok,historical,49d9129b0776d1fc0e9b75f92eb7eda527963e26,0,0,0,,,,994,src\SME.SGP.Aplicacao\SME.SGP.Aplicacao.csproj,0,1,0.0,0,0,0,0,,,,,,,,,,
2,Novo SGP,control,csharp,Roslyn/.NET analyzers,src/SME.SGP.Dados/Mapeamentos/RegistrarMapeamentos.cs,src/SME.SGP.Dados/Mapeamentos/RegistrarMapeamentos.cs,ok,head,c7c06015d2be880c1f5c854cad0c080c4508343a,0,0,0,,,,274,src\SME.SGP.Dados\SME.SGP.Dados.csproj,0,0,0.0,0,0,0,0,,,,,,,,,,
3,Novo SGP,hotspot,csharp,Roslyn/.NET analyzers,src/SME.SGP.Dados/Repositorios/RepositorioTurmaConsulta.cs,src/SME.SGP.Dados/Repositorios/RepositorioTurmaConsulta.cs,ok,head,c7c06015d2be880c1f5c854cad0c080c4508343a,0,0,0,,,,1207,src\SME.SGP.Dados\SME.SGP.Dados.csproj,0,0,0.0,0,0,0,0,,,,,,,,,,
3,Novo SGP,control,csharp,Roslyn/.NET analyzers,src/SME.SGP.Infra/Enumerados/Permissao.cs,src/SME.SGP.Infra/Enumerados/Permissao.cs,ok,head,c7c06015d2be880c1f5c854cad0c080c4508343a,0,0,0,,,,2276,src\SME.SGP.Infra\SME.SGP.Infra.csproj,0,0,0.0,0,0,0,0,,,,,,,,,,
4,Novo SGP,hotspot,csharp,Roslyn/.NET analyzers,src/SME.SGP.Dados/Repositorios/RepositorioAulaConsulta.cs,src/SME.SGP.Dados/Repositorios/RepositorioAulaConsulta.cs,ok,head,c7c06015d2be880c1f5c854cad0c080c4508343a,0,0,0,,,,1273,src\SME.SGP.Dados\SME.SGP.Dados.csproj,0,0,0.0,0,0,0,0,,,,,,,,,,
4,Novo SGP,control,csharp,Roslyn/.NET analyzers,src/SME.SGP.Infra.Consts/ServicosEolConstants.cs,src/SME.SGP.Infra.Consts/ServicosEolConstants.cs,ok,head,c7c06015d2be880c1f5c854cad0c080c4508343a,0,0,0,,,,264,src\SME.SGP.Infra.Consts\SME.SGP.Infra.Consts.csproj,0,0,0.0,0,0,0,0,,,,,,,,,,
5,Novo SGP,hotspot,csharp,Roslyn/.NET analyzers,src/SME.SGP.Dominio.Servicos/ServicoFechamentoTurmaDisciplina.cs,src/SME.SGP.Dominio.Servicos/ServicoFechamentoTurmaDisciplina.cs,ok,head,c7c06015d2be880c1f5c854cad0c080c4508343a,0,0,0,,,,723,src\SME.SGP.Dominio.Servicos\SME.SGP.Dominio.Servicos.csproj,0,0,0.0,0,0,0,0,,,,,,,,,,
5,Novo SGP,control,csharp,Roslyn/.NET analyzers,src/SME.SGP.Infra.Mensageria/Rotas/RotasRabbitSgp.cs,src/SME.SGP.Infra.Mensageria/Rotas/RotasRabbitSgp.cs,ok,head,c7c06015d2be880c1f5c854cad0c080c4508343a,0,0,0,,,,147,src\SME.SGP.Infra.Mensageria\SME.SGP.Infra.Mensageria.csproj,0,0,0.0,0,0,0,0,,,,,,,,,,
6,SAPL,hotspot,python,Pylint + Radon,sapl/sessao/views.py,sapl/sessao/views.py,ok,head,ecfd65a8b353be5368bce5ff624d19f4b95d3491,763,137,46,3.98,52.0,0.0,5509,,,,138.5,4,0,2,0,0,72,508,0,,,,,,
6,SAPL,control,python,Pylint + Radon,sapl/legacy/models.py,sapl/legacy/models.py,ok,historical,6a3f2c77a4df9de4a09bc3c0ee7e2ed84540ca03,299,0,1,1.0,1.0,100.0,1101,,,,271.57,0,0,0,0,0,148,150,0,,,,,,
7,SAPL,hotspot,python,Pylint + Radon,sapl/materia/views.py,sapl/materia/views.py,ok,head,ecfd65a8b353be5368bce5ff624d19f4b95d3491,525,106,41,3.05,16.0,0.0,3043,,,,172.53,3,3,0,0,0,47,331,0,,,,,,
7,SAPL,control,python,Pylint + Radon,sapl/settings.py,sapl/settings.py,ok,head,ecfd65a8b353be5368bce5ff624d19f4b95d3491,26,3,5,6.0,8.0,53.16,480,,,,54.17,0,0,0,0,0,0,18,0,,,,,,
8,SAPL,hotspot,python,Pylint + Radon,sapl/base/views.py,sapl/base/views.py,ok,head,ecfd65a8b353be5368bce5ff624d19f4b95d3491,290,48,29,2.37,10.0,1.22,1571,,,,184.6,0,0,0,0,0,38,175,0,,,,,,
8,SAPL,control,python,Pylint + Radon,sapl/relatorios/templates/pdf_sessao_plenaria_preparar_pysc.py,sapl/relatorios/templates/pdf_sessao_plenaria_preparar_pysc.py,ok,head,ecfd65a8b353be5368bce5ff624d19f4b95d3491,75,3,50,0,0,41.09,284,,,,264.08,0,0,0,0,0,0,22,0,,,,,,
9,SAPL,hotspot,python,Pylint + Radon,sapl/relatorios/views.py,sapl/relatorios/views.py,ok,head,ecfd65a8b353be5368bce5ff624d19f4b95d3491,248,54,19,5.3,55.0,0.0,2937,,,,84.44,4,2,0,0,0,33,142,0,,,,,,
9,SAPL,control,python,Pylint + Radon,sapl/sessao/urls.py,sapl/sessao/urls.py,ok,head,ecfd65a8b353be5368bce5ff624d19f4b95d3491,24,2,17,0,0,76.59,230,,,,104.35,0,0,0,0,0,0,5,0,,,,,,
10,SAPL,hotspot,python,Pylint + Radon,sapl/utils.py,sapl/utils.py,ok,head,ecfd65a8b353be5368bce5ff624d19f4b95d3491,281,50,34,2.89,20.0,4.02,1614,,,,174.1,8,0,0,0,0,29,168,0,,,,,,
10,SAPL,control,python,Pylint + Radon,sapl/relatorios/templates/pdf_detalhe_materia_preparar_pysc.py,sapl/relatorios/templates/pdf_detalhe_materia_preparar_pysc.py,ok,head,ecfd65a8b353be5368bce5ff624d19f4b95d3491,71,1,41,0,0,49.82,284,,,,250.0,0,0,0,0,0,1,28,0,,,,,,
11,SIGA,hotspot,java,PMD,siga-ex/src/main/java/br/gov/jfrj/siga/ex/bl/ExBL.java,siga-ex/src/main/java/br/gov/jfrj/siga/ex/bl/ExBL.java,ok,head,c65f287e84f1a0626c79310da0245bc8abb3175c,1223,,,,2231.0,,9176,,,,133.28,3,0,0,0,,,,,129,37,1054,3,0,139
11,SIGA,control,java,PMD,sigasr/src/main/java/br/gov/jfrj/siga/sr/model/SrSolicitacao.java,sigasr/src/main/java/br/gov/jfrj/siga/sr/model/SrSolicitacao.java,ok,head,c65f287e84f1a0626c79310da0245bc8abb3175c,251,,,,895.0,,3334,,,,75.28,1,0,0,0,,,,,3,4,242,2,0,35
12,SIGA,hotspot,java,PMD,sigaex/src/main/java/br/gov/jfrj/siga/vraptor/ExMovimentacaoController.java,sigaex/src/main/java/br/gov/jfrj/siga/vraptor/ExMovimentacaoController.java,ok,head,c65f287e84f1a0626c79310da0245bc8abb3175c,397,,,,893.0,,6274,,,,63.28,0,0,0,0,,,,,4,9,378,6,0,39
12,SIGA,control,java,PMD,sigagc/src/main/java/br/gov/jfrj/siga/gc/util/diff_match_patch.java,sigagc/src/main/java/br/gov/jfrj/siga/gc/util/diff_match_patch.java,ok,head,c65f287e84f1a0626c79310da0245bc8abb3175c,313,,,,407.0,,2692,,,,116.27,0,0,0,2,,,,,8,9,287,9,0,42
13,SIGA,hotspot,java,PMD,sigaex/src/main/java/br/gov/jfrj/siga/vraptor/ExDocumentoController.java,sigaex/src/main/java/br/gov/jfrj/siga/vraptor/ExDocumentoController.java,ok,head,c65f287e84f1a0626c79310da0245bc8abb3175c,264,,,,588.0,,3166,,,,83.39,1,0,0,0,,,,,8,9,236,11,0,40
13,SIGA,control,java,PMD,sigasr/src/main/java/br/gov/jfrj/siga/sr/reports/SrRelPrazo.java,sigasr/src/main/java/br/gov/jfrj/siga/sr/reports/SrRelPrazo.java,ok,head,c65f287e84f1a0626c79310da0245bc8abb3175c,343,,,,164.0,,1440,,,,238.19,0,0,0,0,,,,,0,1,342,0,0,7
14,SIGA,hotspot,java,PMD,siga-ex/src/main/java/br/gov/jfrj/siga/hibernate/ExDao.java,siga-ex/src/main/java/br/gov/jfrj/siga/hibernate/ExDao.java,ok,head,c65f287e84f1a0626c79310da0245bc8abb3175c,299,,,,510.0,,3092,,,,96.7,1,0,0,0,,,,,10,4,283,2,0,23
14,SIGA,control,java,PMD,sigasr/src/main/java/br/gov/jfrj/siga/sr/vraptor/SolicitacaoController.java,sigasr/src/main/java/br/gov/jfrj/siga/sr/vraptor/SolicitacaoController.java,ok,head,c65f287e84f1a0626c79310da0245bc8abb3175c,134,,,,323.0,,1334,,,,100.45,0,0,0,0,,,,,0,7,126,1,0,20
15,SIGA,hotspot,java,PMD,siga-cp/src/main/java/br/gov/jfrj/siga/dp/dao/CpDao.java,siga-cp/src/main/java/br/gov/jfrj/siga/dp/dao/CpDao.java,ok,head,c65f287e84f1a0626c79310da0245bc8abb3175c,225,,,,533.0,,3336,,,,67.45,0,0,0,0,,,,,20,4,194,7,0,17
15,SIGA,control,java,PMD,sigatp/src/main/java/br/gov/jfrj/siga/tp/vraptor/MissaoController.java,sigatp/src/main/java/br/gov/jfrj/siga/tp/vraptor/MissaoController.java,ok,head,c65f287e84f1a0626c79310da0245bc8abb3175c,115,,,,195.0,,1230,,,,93.5,0,0,0,0,,,,,4,7,102,2,0,6
16,SIGI,hotspot,python,Pylint + Radon,sigi/apps/convenios/models.py,sigi/apps/convenios/models.py,ok,head,5e50b2ef7aa098317df067968bb7f8a7a5c1d66e,76,11,19,3.42,13.0,24.69,567,,,,134.04,0,0,0,0,0,16,30,0,,,,,,
16,SIGI,control,python,Pylint + Radon,sigi/apps/convenios/reports.py,sigi/apps/convenios/reports.py,ok,historical,2329bb8ba06a15528b4fad00f2d4d929b56597bd,63,1,3,1.0,1.0,53.23,335,,,,188.06,0,0,0,0,0,23,36,0,,,,,,
17,SIGI,hotspot,python,Pylint + Radon,sigi/apps/eventos/admin.py,sigi/apps/eventos/admin.py,ok,head,5e50b2ef7aa098317df067968bb7f8a7a5c1d66e,171,12,28,2.43,19.0,0.0,1741,,,,98.22,0,0,0,0,0,28,103,0,,,,,,
17,SIGI,control,python,Pylint + Radon,sigi/settings.py,sigi/settings.py,ok,head,5e50b2ef7aa098317df067968bb7f8a7a5c1d66e,13,0,6,0,0,63.91,352,,,,36.93,0,0,0,0,0,0,7,0,,,,,,
18,SIGI,hotspot,python,Pylint + Radon,sigi/apps/casas/views.py,sigi/apps/casas/views.py,ok,head,5e50b2ef7aa098317df067968bb7f8a7a5c1d66e,58,9,14,3.26,20.0,19.26,721,,,,80.44,0,0,0,0,0,4,31,0,,,,,,
18,SIGI,control,python,Pylint + Radon,sigi/apps/relatorios/reports.py,sigi/apps/relatorios/reports.py,ok,head,5e50b2ef7aa098317df067968bb7f8a7a5c1d66e,23,0,8,1.0,1.0,58.44,127,,,,181.1,0,0,0,0,0,5,10,0,,,,,,
19,SIGI,hotspot,python,Pylint + Radon,sigi/apps/casas/admin.py,sigi/apps/casas/admin.py,ok,head,5e50b2ef7aa098317df067968bb7f8a7a5c1d66e,83,10,16,1.93,7.0,28.41,658,,,,126.14,0,0,0,0,0,9,48,0,,,,,,
19,SIGI,control,python,Pylint + Radon,sigi/apps/home/urls.py,sigi/apps/home/urls.py,ok,head,5e50b2ef7aa098317df067968bb7f8a7a5c1d66e,2,0,1,0,0,100.0,91,,,,21.98,0,0,0,0,0,0,1,0,,,,,,
20,SIGI,hotspot,python,Pylint + Radon,sigi/apps/servicos/dashboards.py,sigi/apps/servicos/dashboards.py,ok,head,5e50b2ef7aa098317df067968bb7f8a7a5c1d66e,76,19,9,2.53,8.0,22.3,505,,,,150.5,0,0,0,0,0,4,44,0,,,,,,
20,SIGI,control,python,Pylint + Radon,sigi/apps/diagnosticos/urls.py,sigi/apps/diagnosticos/urls.py,ok,head,5e50b2ef7aa098317df067968bb7f8a7a5c1d66e,3,0,2,0,0,100.0,73,,,,41.1,0,0,0,0,0,0,1,0,,,,,,
21,Painel e-SUS APS,hotspot,python,Pylint + Radon,painel-esus/src/main/adapters/nominal_list_adapter.py,painel-esus/src/main/adapters/nominal_list_adapter.py,ok,head,d21fe44562fd73c4ae46261a40496079b6e94f15,12,2,1,3.26,10.0,17.15,958,,,,12.53,0,0,0,0,0,5,4,0,,,,,,
21,Painel e-SUS APS,control,python,Pylint + Radon,painel-esus/src/infra/create_base/polars/scripts_dados/tb_equipe.py,painel-esus/src/infra/create_base/polars/scripts_dados/tb_equipe.py,ok,head,d21fe44562fd73c4ae46261a40496079b6e94f15,57,6,1,0,0,60.99,658,,,,86.63,0,0,0,0,0,0,50,0,,,,,,
22,Painel e-SUS APS,hotspot,python,Pylint + Radon,painel-esus/src/infra/db/repositories/demographics_info_v2.py,painel-esus/src/infra/db/repositories/demographics_info_v2.py,ok,head,d21fe44562fd73c4ae46261a40496079b6e94f15,19,1,1,2.73,5.0,51.91,327,,,,58.1,0,0,0,0,0,3,14,0,,,,,,
22,Painel e-SUS APS,control,python,Pylint + Radon,painel-esus/src/infra/db/repositories/sqls/pessoa/lista_nominal.py,painel-esus/src/infra/db/repositories/sqls/pessoa/lista_nominal.py,ok,head,d21fe44562fd73c4ae46261a40496079b6e94f15,2,0,1,0,0,100.0,215,,,,9.3,0,0,0,0,0,0,1,0,,,,,,
23,Painel e-SUS APS,hotspot,python,Pylint + Radon,painel-esus/src/infra/db/repositories/children/children_repository.py,painel-esus/src/infra/db/repositories/children/children_repository.py,ok,head,d21fe44562fd73c4ae46261a40496079b6e94f15,6,1,1,1.26,5.0,68.22,193,,,,31.09,0,0,0,0,0,3,1,0,,,,,,
23,Painel e-SUS APS,control,python,Pylint + Radon,painel-esus/src/infra/db/repositories/sqls/tabelas.py,painel-esus/src/infra/db/repositories/sqls/tabelas.py,ok,head,d21fe44562fd73c4ae46261a40496079b6e94f15,1,0,0,0,0,100.0,190,,,,5.26,0,0,0,0,0,0,1,0,,,,,,
24,Painel e-SUS APS,hotspot,python,Pylint + Radon,painel-esus/src/main/adapters/records_adapter.py,painel-esus/src/main/adapters/records_adapter.py,ok,head,d21fe44562fd73c4ae46261a40496079b6e94f15,4,4,0,3.33,5.0,50.7,147,,,,27.21,0,0,0,0,0,0,0,0,,,,,,
24,Painel e-SUS APS,control,python,Pylint + Radon,painel-esus/src/infra/db/repositories/sqls/smoking/smoking_base.py,painel-esus/src/infra/db/repositories/sqls/smoking/smoking_base.py,ok,head,d21fe44562fd73c4ae46261a40496079b6e94f15,1,0,0,0,0,100.0,82,,,,12.2,0,0,0,0,0,0,1,0,,,,,,
25,Painel e-SUS APS,hotspot,python,Pylint + Radon,painel-esus/src/infra/db/repositories/disease/nominal_list/diabetes_nominal_list_repository.py,painel-esus/src/infra/db/repositories/disease/nominal_list/diabetes_nominal_list_repository.py,ok,head,d21fe44562fd73c4ae46261a40496079b6e94f15,18,8,6,4.5,18.0,52.64,177,,,,101.69,0,0,0,0,0,2,2,0,,,,,,
25,Painel e-SUS APS,control,python,Pylint + Radon,painel-esus/src/infra/db/repositories/sqls/atendimento_individual_cid_ciaps_nascimento.py,painel-esus/src/infra/db/repositories/sqls/atendimento_individual_cid_ciaps_nascimento.py,ok,head,d21fe44562fd73c4ae46261a40496079b6e94f15,1,0,0,0,0,100.0,79,,,,12.66,0,0,0,0,0,0,1,0,,,,,,
