pair_id,project_id,system_name,language,matched_distance,group,file_id,path,h_median,comments_evidence,commits_evidence,issues_prs_evidence,refactoring_evidence,evidence_refs,evaluator1_class,evaluator1_notes,evaluator2_class,evaluator2_notes,agreement,consensus_class,consensus_notes
novo_sgp-P01,novo_sgp,Novo SGP,CSharp,10.000144352121136,hotspot,71261a9d39d697cd,src/SME.SGP.Aplicacao/CasosDeUso/ConselhoClasse/ObterNotasFrequenciaUseCase.cs,0.9993687593251463,,,,,,,,,,,,
novo_sgp-P01,novo_sgp,Novo SGP,CSharp,10.000144352121136,control,3aeabfa17e2c88e2,src/SME.SGP.Infra/Constantes/ConstantesMenuPermissao.cs,0.1542588208644383,,,,,,,,,,,,
novo_sgp-P02,novo_sgp,Novo SGP,CSharp,22.20862161801885,hotspot,473acad15c891997,src/SME.SGP.Aplicacao/Integracoes/ServicoEOL.cs,0.9978932584269664,,,,,,,,,,,,
novo_sgp-P02,novo_sgp,Novo SGP,CSharp,22.20862161801885,control,eeac3d9734b33a0d,src/SME.SGP.Dados/Mapeamentos/RegistrarMapeamentos.cs,0.3893701208426906,,,,,,,,,,,,
novo_sgp-P03,novo_sgp,Novo SGP,CSharp,29.829912656556186,hotspot,541e5385f3719f66,src/SME.SGP.Dados/Repositorios/RepositorioTurmaConsulta.cs,0.9975728155339806,,,,,,,,,,,,
novo_sgp-P03,novo_sgp,Novo SGP,CSharp,29.829912656556186,control,c0d9c58300d8c393,src/SME.SGP.Infra/Enumerados/Permissao.cs,0.1565607956368302,,,,,,,,,,,,
novo_sgp-P04,novo_sgp,Novo SGP,CSharp,35.145577179321776,hotspot,ba2b2d921c70fc42,src/SME.SGP.Dados/Repositorios/RepositorioAulaConsulta.cs,0.9970985057304512,,,,,,,,,,,,
novo_sgp-P04,novo_sgp,Novo SGP,CSharp,35.145577179321776,control,27866094e055cca0,src/SME.SGP.Infra.Consts/ServicosEolConstants.cs,0.3848319673420385,,,,,,,,,,,,
novo_sgp-P05,novo_sgp,Novo SGP,CSharp,16.74030091893977,hotspot,d9bcd6c021fb4304,src/SME.SGP.Dominio.Servicos/ServicoFechamentoTurmaDisciplina.cs,0.9968398876404494,,,,,,,,,,,,
novo_sgp-P05,novo_sgp,Novo SGP,CSharp,16.74030091893977,control,096b91a80020a7ea,src/SME.SGP.Infra.Mensageria/Rotas/RotasRabbitSgp.cs,0.1548798465345039,,,,,,,,,,,,
sapl-P01,sapl,SAPL,Python,34.47409973300138,hotspot,c4bec0aa3f27a78d,sapl/sessao/views.py,0.9877450980392156,,,,,,,,,,,,
sapl-P01,sapl,SAPL,Python,34.47409973300138,control,b0ebfe374d33cfe0,sapl/legacy/models.py,0.2360432616356786,,,,,,,,,,,,
sapl-P02,sapl,SAPL,Python,20.8368998386202,hotspot,11b2afe97076f159,sapl/materia/views.py,0.9698492462311558,,,,,,,,,,,,
sapl-P02,sapl,SAPL,Python,20.8368998386202,control,b5ea40e821c853b1,sapl/settings.py,0.25,,,,,,,,,,,,
sapl-P03,sapl,SAPL,Python,10.176399921184752,hotspot,2b1ea23ae76b50cb,sapl/base/views.py,0.9597989949748744,,,,,,,,,,,,
sapl-P03,sapl,SAPL,Python,10.176399921184752,control,bea9e89b15b496d1,sapl/relatorios/templates/pdf_sessao_plenaria_preparar_pysc.py,0.2462311557788944,,,,,,,,,,,,
sapl-P04,sapl,SAPL,Python,19.466999849229943,hotspot,710c9fb76ba1bbc3,sapl/relatorios/views.py,0.953846153846154,,,,,,,,,,,,
sapl-P04,sapl,SAPL,Python,19.466999849229943,control,1b2b956c75f568bc,sapl/sessao/urls.py,0.2462311557788944,,,,,,,,,,,,
sapl-P05,sapl,SAPL,Python,6.900999946552413,hotspot,b38f2cf8d9bb2f72,sapl/utils.py,0.95260663507109,,,,,,,,,,,,
sapl-P05,sapl,SAPL,Python,6.900999946552413,control,b09ebf272337e792,sapl/relatorios/templates/pdf_detalhe_materia_preparar_pysc.py,0.2462311557788944,,,,,,,,,,,,
siga-P01,siga,SIGA,Java,29.822501475311803,hotspot,6737edbb6d9184af,siga-ex/src/main/java/br/gov/jfrj/siga/ex/bl/ExBL.java,0.9997513674788664,,,,,,,,,,,,
siga-P01,siga,SIGA,Java,29.822501475311803,control,014ae6cd046cd5e2,sigasr/src/main/java/br/gov/jfrj/siga/sr/model/SrSolicitacao.java,0.0817344500261684,,,,,,,,,,,,
siga-P02,siga,SIGA,Java,22.951485936893192,hotspot,2c6a4d56c0f57b71,sigaex/src/main/java/br/gov/jfrj/siga/vraptor/ExMovimentacaoController.java,0.9976257178744996,,,,,,,,,,,,
siga-P02,siga,SIGA,Java,22.951485936893192,control,c97c9f337a8ed3a1,sigagc/src/main/java/br/gov/jfrj/siga/gc/util/diff_match_patch.java,0.3987044353170423,,,,,,,,,,,,
siga-P03,siga,SIGA,Java,8.269639056739688,hotspot,d2348e058cbd5378,sigaex/src/main/java/br/gov/jfrj/siga/vraptor/ExDocumentoController.java,0.9972332531963206,,,,,,,,,,,,
siga-P03,siga,SIGA,Java,8.269639056739688,control,ac9e4dd1287dbbfe,sigasr/src/main/java/br/gov/jfrj/siga/sr/reports/SrRelPrazo.java,0.3987044353170423,,,,,,,,,,,,
siga-P04,siga,SIGA,Java,8.225238310126322,hotspot,c8ff150541242122,siga-ex/src/main/java/br/gov/jfrj/siga/hibernate/ExDao.java,0.9957689534768656,,,,,,,,,,,,
siga-P04,siga,SIGA,Java,8.225238310126322,control,31b7708d6b7eb409,sigasr/src/main/java/br/gov/jfrj/siga/sr/vraptor/SolicitacaoController.java,0.0817344500261684,,,,,,,,,,,,
siga-P05,siga,SIGA,Java,11.692196608186762,hotspot,7165f24b4d590bf6,siga-cp/src/main/java/br/gov/jfrj/siga/dp/dao/CpDao.java,0.9950345704590216,,,,,,,,,,,,
siga-P05,siga,SIGA,Java,11.692196608186762,control,e3bc7b2fecc1f4cb,sigatp/src/main/java/br/gov/jfrj/siga/tp/vraptor/MissaoController.java,0.0817344500261684,,,,,,,,,,,,
sigi-P01,sigi,SIGI,Python,21.367448401739782,hotspot,c85b8fe8f692c4d7,sigi/apps/convenios/models.py,0.9730392156862744,,,,,,,,,,,,
sigi-P01,sigi,SIGI,Python,21.367448401739782,control,89b2fe9c83b10cea,sigi/apps/convenios/reports.py,0.2447459951991378,,,,,,,,,,,,
sigi-P02,sigi,SIGI,Python,46.78060302433404,hotspot,ce44b53bba4681d0,sigi/apps/eventos/admin.py,0.9681647940074908,,,,,,,,,,,,
sigi-P02,sigi,SIGI,Python,46.78060302433404,control,3f31b4cbfb6621d2,sigi/settings.py,0.2739463601532567,,,,,,,,,,,,
sigi-P03,sigi,SIGI,Python,16.454805133559354,hotspot,e8c4484217913e4f,sigi/apps/casas/views.py,0.9635036496350364,,,,,,,,,,,,
sigi-P03,sigi,SIGI,Python,16.454805133559354,control,11a12bda9603082a,sigi/apps/relatorios/reports.py,0.2739463601532567,,,,,,,,,,,,
sigi-P04,sigi,SIGI,Python,14.482948320033652,hotspot,1cf477cc6f7c09f9,sigi/apps/casas/admin.py,0.95985401459854,,,,,,,,,,,,
sigi-P04,sigi,SIGI,Python,14.482948320033652,control,c3a073ae3ac4b2c0,sigi/apps/home/urls.py,0.2739463601532567,,,,,,,,,,,,
sigi-P05,sigi,SIGI,Python,11.974341145116275,hotspot,b3c7cc81c03f8e3d,sigi/apps/servicos/dashboards.py,0.9478776529338326,,,,,,,,,,,,
sigi-P05,sigi,SIGI,Python,11.974341145116275,control,079aea8483c1136d,sigi/apps/diagnosticos/urls.py,0.2739463601532567,,,,,,,,,,,,
painel_esus-P01,painel_esus,Painel e-SUS APS,Python,4.557132139467226,hotspot,da570d75951ed5f5,painel-esus/src/main/adapters/nominal_list_adapter.py,0.9943219794344472,,,,,,,,,,,,
painel_esus-P01,painel_esus,Painel e-SUS APS,Python,4.557132139467226,control,2cc7a0b731f7ca44,painel-esus/src/infra/create_base/polars/scripts_dados/tb_equipe.py,0.1906876606683804,,,,,,,,,,,,
painel_esus-P02,painel_esus,Painel e-SUS APS,Python,0.1436933557489665,hotspot,e5d28d9ea87767ac,painel-esus/src/infra/db/repositories/demographics_info_v2.py,0.9430960796915168,,,,,,,,,,,,
painel_esus-P02,painel_esus,Painel e-SUS APS,Python,0.1436933557489665,control,2b91010e14f3ca3d,painel-esus/src/infra/db/repositories/sqls/pessoa/lista_nominal.py,0.1906876606683804,,,,,,,,,,,,
painel_esus-P03,painel_esus,Painel e-SUS APS,Python,0.7492582121196119,hotspot,39907dcbbf48218f,painel-esus/src/infra/db/repositories/children/children_repository.py,0.9418460796915168,,,,,,,,,,,,
painel_esus-P03,painel_esus,Painel e-SUS APS,Python,0.7492582121196119,control,c82446c8fe0a65fe,painel-esus/src/infra/db/repositories/sqls/tabelas.py,0.1906876606683804,,,,,,,,,,,,
painel_esus-P04,painel_esus,Painel e-SUS APS,Python,0.5953010452457188,hotspot,5fd0be5fb1eca80a,painel-esus/src/main/adapters/records_adapter.py,0.940348650385604,,,,,,,,,,,,
painel_esus-P04,painel_esus,Painel e-SUS APS,Python,0.5953010452457188,control,4255d27796226cfd,painel-esus/src/infra/db/repositories/sqls/smoking/smoking_base.py,0.1906876606683804,,,,,,,,,,,,
painel_esus-P05,painel_esus,Painel e-SUS APS,Python,1.3035040128656257,hotspot,979a57312809af6d,painel-esus/src/infra/db/repositories/disease/nominal_list/diabetes_nominal_list_repository.py,0.934133997429306,,,,,,,,,,,,
painel_esus-P05,painel_esus,Painel e-SUS APS,Python,1.3035040128656257,control,55ab6eb1a3ccb9c5,painel-esus/src/infra/db/repositories/sqls/atendimento_individual_cid_ciaps_nascimento.py,0.1906876606683804,,,,,,,,,,,,
