Software ID,Software,Órgão / instituição,Esfera,Poder / natureza,UF,Município,Domínio,Repositório(s),Forja,Status do corpus,Aplicação?,Atividade >= 2020,Última atividade observada,Licença,Classe de licença,Commits (repo principal),Stars (snapshot),Forks (snapshot),Linguagens / stack,Proveniência,Linhagem / fork,Evidência de adoção,Adequação p/ dívida técnica,Observações metodológicas,Fonte do repositório,Fonte institucional,Data da coleta,Confiança geral,Triangulação externa,Mudança V1→V2,Fonte da licença,Fonte de atividade/métricas
SW001,SAPL - Sistema de Apoio ao Processo Legislativo,Interlegis / Senado Federal,Federal,Legislativo,BR,,Processo legislativo,https://github.com/interlegis/sapl,GitHub,A - núcleo principal,Sim,Sim,2026-08,GPL-3.0,A - OSS explícita,5863,105,98,Python / Django,Institucional direta,Projeto-base; pode reaparecer em forks municipais,Usado por casas legislativas; adoção deve ser quantificada em etapa própria,Muito alta,"Histórico longo, issues/PRs e desenvolvimento atual; excelente candidato longitudinal.",https://github.com/interlegis/sapl,https://github.com/interlegis,2026-09-02,Alta,Convergente,Sem mudança material de status no V2,https://github.com/interlegis/sapl,https://github.com/interlegis/sapl
SW002,SIGI - Sistema de Informações Gerenciais do Interlegis,Interlegis / Senado Federal,Federal,Legislativo,BR,,Gestão institucional,https://github.com/interlegis/sigi,GitHub,A - núcleo principal,Sim,Sim,2026-08,GPL-2.0,A - OSS explícita,1554,13,12,Python / Django,Institucional direta,Independente,Sistema gerencial do Interlegis,Muito alta,Aplicação completa e histórico suficiente.,https://github.com/interlegis/sigi,https://github.com/interlegis,2026-09-02,Alta,Convergente; licença agora confirmada diretamente,Sem mudança material de status no V2,https://github.com/interlegis/sigi,https://github.com/interlegis/sigi
SW003,SAAP - Sistema de Apoio à Atividade Parlamentar,Interlegis / Senado Federal,Federal,Legislativo,BR,,Atividade parlamentar,https://github.com/interlegis/saap,GitHub,A - núcleo principal,Sim,Sim,2024-06,GPL-3.0,A - OSS explícita,161,8,14,Python / Django,Institucional direta,Derivado de trabalho de servidores municipais; projeto atual Interlegis,Aplicação demonstrável/implantável para casas legislativas,Alta,"Histórico menor que SAPL, mas ultrapassa limiar mínimo sugerido.",https://github.com/interlegis/saap,https://github.com/interlegis,2026-09-02,Alta,Convergente com correção: licença não é presumida; foi verificada diretamente,Sem mudança material de status no V2,https://github.com/interlegis/saap,https://github.com/interlegis/saap
SW004,SIGA - Sistema de Gestão Administrativa,Projeto SIGA / TRF2 e instituições associadas,Federal,Judiciário,RJ,,Gestão administrativa e documental,https://github.com/projeto-siga/siga,GitHub,A - núcleo principal,Sim,Sim,2023-05,AGPL-3.0,A - OSS explícita,15412,96,99,Java / web,Institucional verificável,Projeto-base do qual PBdoc deriva,"Módulos SIGA-Doc, WF, GI, GC, SR; adoção multi-institucional a medir",Muito alta,Histórico muito amplo; controlar compartilhamento de ancestralidade com PBdoc.,https://github.com/projeto-siga/siga,https://github.com/projeto-siga,2026-09-02,Alta,Não citado no relatório paralelo,Sem mudança material de status no V2,https://github.com/projeto-siga/siga,https://github.com/projeto-siga/siga
SW005,PBdoc,CODATA / Governo da Paraíba,Estadual,Executivo,PB,,Gestão documental e processos,https://github.com/codata-gedes/pbdoc,GitHub,A - núcleo principal,Sim,Sim,2026-05,AGPL-3.0,A - OSS explícita,11594,2,2,Java / web,Institucional direta,Fork/derivação do SIGA; muitos commits podem ser herdados,Plataforma oficial do Governo da Paraíba,Muito alta,"Excelente caso, mas não tratar commits herdados como desenvolvimento independente.",https://github.com/codata-gedes/pbdoc,https://github.com/codata-gedes,2026-09-02,Alta,Não citado no relatório paralelo,Sem mudança material de status no V2,https://github.com/codata-gedes/pbdoc,https://github.com/codata-gedes/pbdoc
SW006,e-Cidade,Software Público Brasileiro / ecossistema municipal,Federal/Municipal,Executivo,BR,,ERP / gestão municipal,https://softwarepublico.gov.br/gitlab/e-cidade/e-cidade | https://github.com/e-cidade/e-cidade,GitLab SPB + GitHub,A - núcleo principal,Sim,Sim,2026 (comunidade); 2025-08 (forja SPB),GPL-2.0,A - OSS explícita,,39,20,PHP / PostgreSQL,Origem e forja institucional; manutenção também comunitária,Múltiplos mirrors/forks; deduplicar pela ancestralidade Git,ERP concebido para gestão integrada de municípios,Muito alta,Stars/forks referem-se ao mirror comunitário; governança atual é híbrida.,https://github.com/e-cidade/e-cidade,https://softwarepublico.gov.br,2026-09-02,Alta,Convergente; V2 fechou melhor licença/forja,Sem mudança material de status no V2,https://softwarepublico.gov.br/social/e-cidade,https://softwarepublico.gov.br/social/e-cidade
SW007,Mapas Culturais - MinC,Ministério da Cultura,Federal,Executivo,BR,,Gestão cultural,https://github.com/culturagovbr/mapasculturais-minc,GitHub,A - núcleo principal,Sim,Sim,2026,AGPL-3.0,A - OSS explícita,23878,0,0,PHP / JavaScript,Institucional direta,Fork/variante de Mapas Culturais; histórico herdado relevante,Plataforma usada em múltiplos entes e projetos culturais,Muito alta,Ótimo para dívida técnica; separar dívida herdada da divergência específica do fork.,https://github.com/culturagovbr/mapasculturais-minc,https://github.com/culturagovbr,2026-09-02,Alta,Não citado no relatório paralelo,Sem mudança material de status no V2,https://github.com/culturagovbr/mapasculturais-minc,https://github.com/culturagovbr/mapasculturais-minc
SW008,Mapas Culturais - Ceará,Secretaria da Cultura do Ceará,Estadual,Executivo,CE,,Gestão cultural,https://github.com/secultce/mapasculturais-v5,GitHub,A - núcleo principal,Sim,Sim,2026-04,AGPL-3.0,A - OSS explícita,11123,1,2,PHP,Institucional direta,Fork de Mapas Culturais; histórico amplamente herdado,Mantido pela SECULT-CE com módulos/plugins próprios,Muito alta,Não usar como observação independente do MinC sem controlar ancestralidade.,https://github.com/secultce/mapasculturais-v5,https://github.com/secultce,2026-09-02,Alta,Não citado no relatório paralelo,Sem mudança material de status no V2,https://github.com/secultce/mapasculturais-v5,https://github.com/secultce/mapasculturais-v5
SW009,Painel e-SUS APS,Fiocruz + SAPS/Ministério da Saúde,Federal,Executivo,BR,,Saúde / atenção primária,https://github.com/CampusVirtualFiocruz/painel-esus,GitHub,A - núcleo principal,Sim,Sim,2025-12,GPL-2.0,A - OSS explícita,552,24,13,Web / análise em saúde,Institucional direta em parceria,Independente,Versão pública experimental; versão validada distribuída pelo Ministério,Muito alta,Aplicação para análise local de dados e-SUS APS; GPL-2.0. Métricas atualizadas no snapshot de 2026-09-02.,https://github.com/CampusVirtualFiocruz/painel-esus,https://github.com/CampusVirtualFiocruz,2026-09-02,Alta,Não citado no relatório paralelo,Sem mudança material de status no V2,https://github.com/CampusVirtualFiocruz/painel-esus,https://github.com/CampusVirtualFiocruz/painel-esus
SW010,VLibras Web Browsers,VLibras / Software Público Brasileiro,Federal,Executivo,BR,,Acessibilidade,https://github.com/spbgovbr-vlibras/vlibras-web-browsers,GitHub,A - núcleo principal,Sim,Sim,2026,LGPL-3.0,A - OSS explícita,1164,12,15,JavaScript / browser extensions,Institucional direta,Ecossistema VLibras,Componente/aplicação de acessibilidade para web e navegadores,Alta,Aplicação/web widget e extensões do VLibras; LGPL-3.0 verificada diretamente. Métricas atualizadas no snapshot de 2026-09-02.,https://github.com/spbgovbr-vlibras/vlibras-web-browsers,https://github.com/spbgovbr-vlibras,2026-09-02,Alta,Não citado no relatório paralelo,Sem mudança material de status no V2,https://github.com/spbgovbr-vlibras/vlibras-web-browsers,https://github.com/spbgovbr-vlibras/vlibras-web-browsers
SW011,Novo SGP,Prefeitura de São Paulo / SME,Municipal,Executivo,SP,São Paulo,Educação / gestão pedagógica,https://github.com/prefeiturasp/SME-NovoSGP,GitHub,A - núcleo principal,Sim,Sim,2026,AGPL-3.0,A - OSS explícita,33222,33,13,C# / web,Institucional direta,Independente,Sistema de gestão pedagógica da rede municipal,Muito alta,Um dos melhores casos do corpus: grande histórico e aplicação de negócio completa.,https://github.com/prefeiturasp/SME-NovoSGP,https://github.com/prefeiturasp,2026-09-02,Alta,Convergente,Sem mudança material de status no V2,https://github.com/prefeiturasp/SME-NovoSGP,https://github.com/prefeiturasp/SME-NovoSGP
SW012,SigEscola / PTRF,Prefeitura de São Paulo / SME,Municipal,Executivo,SP,São Paulo,Educação / gestão financeira escolar,https://github.com/prefeiturasp/SME-PTRF | https://github.com/prefeiturasp/SME-PTRF-BackEnd | https://github.com/prefeiturasp/SME-PTRF-FrontEnd,GitHub,A - núcleo principal,Sim,Sim,2026-07,AGPL-3.0,A - OSS explícita,,2,0,Python + JavaScript,Institucional direta,Software multi-repositório; agregador usa submódulos,Gestão e prestação de contas de recursos das unidades educacionais,Muito alta,85 commits no agregador não representam o histórico total; minerar BackEnd e FrontEnd separadamente e reagrupar no software.,https://github.com/prefeiturasp/SME-PTRF,https://github.com/prefeiturasp,2026-09-02,Alta,Não citado no relatório paralelo,Sem mudança material de status no V2,https://github.com/prefeiturasp/SME-PTRF,https://github.com/prefeiturasp/SME-PTRF
SW013,SIGPAE,Prefeitura de São Paulo / SME,Municipal,Executivo,SP,São Paulo,Educação / alimentação escolar,https://github.com/prefeiturasp/SME-SIGPAE-API | https://github.com/prefeiturasp/SME-SIGPAE-FrontEnd,GitHub,A - núcleo principal,Sim,Sim,2026-07,AGPL-3.0,A - OSS explícita,,12,6,Python + JavaScript,Institucional direta,Software multi-repositório,Sistema de alimentação escolar focado em terceirizadas,Muito alta,Stars/forks do repo API; coletar métricas dos dois componentes e agregar com cuidado.,https://github.com/prefeiturasp/SME-SIGPAE-API,https://github.com/prefeiturasp,2026-09-02,Alta,Não citado no relatório paralelo,Sem mudança material de status no V2,https://github.com/prefeiturasp/SME-SIGPAE-API,https://github.com/prefeiturasp/SME-SIGPAE-API
SW014,Conecta Formação,Prefeitura de São Paulo / SME,Municipal,Executivo,SP,São Paulo,Educação / formação de profissionais,https://github.com/prefeiturasp/SME-Conecta-Formacao | https://github.com/prefeiturasp/SME-Conecta-Formacao-WebClient,GitHub,A - núcleo principal,Sim,Sim,2026-07,AGPL-3.0,A - OSS explícita,,1,1,C# + React/TypeScript,Institucional direta,Software multi-repositório,"Gestão de propostas, inscrições e fluxos de formação da SME",Alta,"Aplicação completa, mas métricas precisam ser coletadas nos dois repositórios.",https://github.com/prefeiturasp/SME-Conecta-Formacao-WebClient,https://github.com/prefeiturasp,2026-09-02,Alta,Não citado no relatório paralelo,Sem mudança material de status no V2,https://github.com/prefeiturasp/SME-Conecta-Formacao-WebClient,https://github.com/prefeiturasp/SME-Conecta-Formacao-WebClient
SW015,SMAE - Sistema de Monitoramento e Acompanhamento Estratégico,Prefeitura de São Paulo / SEPEP,Municipal,Executivo,SP,São Paulo,Planejamento e monitoramento estratégico,https://github.com/sepep-pmsp/smae,GitHub,A - núcleo principal,Sim,Sim,2026-08,AGPL-3.0,A - OSS explícita,15759,0,3,TypeScript / web,Institucional direta em fork de parceria FGV,Fork de fgv-projetos/smae; histórico herdado,Sistema de monitoramento estratégico da Prefeitura de São Paulo,Muito alta,Controlar ancestralidade do fork e identificar ponto de divergência da Prefeitura.,https://github.com/sepep-pmsp/smae,https://github.com/sepep-pmsp,2026-09-02,Alta,Não citado no relatório paralelo,Sem mudança material de status no V2,https://github.com/sepep-pmsp/smae,https://github.com/sepep-pmsp/smae
SW016,In Loco,Ministério Público do Estado do Rio de Janeiro,Estadual,Ministério Público,RJ,,GIS / apoio institucional,https://github.com/MinisterioPublicoRJ/inloco,GitHub,A - núcleo principal,Sim,Sim,2023-03,MIT,A - OSS explícita,1110,11,2,JavaScript / GIS,Institucional direta,Independente,Aplicação GIS do MPRJ,Muito alta,Boa diversidade de domínio e histórico suficiente.,https://github.com/MinisterioPublicoRJ/inloco,https://github.com/MinisterioPublicoRJ,2026-09-02,Alta,Não citado no relatório paralelo,Sem mudança material de status no V2,https://github.com/MinisterioPublicoRJ/inloco,https://github.com/MinisterioPublicoRJ/inloco
SW017,SINARC,Ministério Público de Contas do Espírito Santo,Estadual,Controle externo,ES,,Inteligência / controle,https://github.com/controlecidadao/sinarc,GitHub,A - núcleo principal,Sim,Sim,2026,MIT,A - OSS explícita,1952,24,11,Python / web,Proveniência institucional explícita no README,Independente,Programa experimental de inteligência de fontes abertas desenvolvido pelo MPC-ES,Muito alta,Owner não usa nome do órgão; manter evidência de proveniência arquivada.,https://github.com/controlecidadao/sinarc,https://github.com/controlecidadao/sinarc,2026-09-02,Alta,Não citado no relatório paralelo,Sem mudança material de status no V2,https://github.com/controlecidadao/sinarc,https://github.com/controlecidadao/sinarc
SW018,PortalCMJ,Câmara Municipal de Jataí,Municipal,Legislativo,GO,Jataí,Portal e processo legislativo,https://github.com/cmjatai/cmj,GitHub,A - núcleo principal,Sim,Sim,2026-08,GPL-3.0,A - OSS explícita,3970,14,8,Python/Django + Vue,Institucional direta,Integra versão modificada do SAPL; ancestralidade compartilhada,Plataforma operacional da Câmara Municipal de Jataí,Muito alta,Aplicação legislativa completa; GPL-3.0. Métricas atualizadas no snapshot de 2026-09-02.,https://github.com/cmjatai/cmj,https://github.com/cmjatai,2026-09-02,Alta,Não citado no relatório paralelo,Sem mudança material de status no V2,https://github.com/cmjatai/cmj,https://github.com/cmjatai/cmj
SW019,Extranet CMC,Câmara Municipal de Curitiba,Municipal,Legislativo,PR,Curitiba,Gestão legislativa interna,https://github.com/CMCuritiba/extranet-cmc,GitHub,A - núcleo principal,Sim,Sim,2025-09,GPL-3.0,A - OSS explícita,191,2,1,Monorepo web,Institucional direta,Independente,Extranet institucional da Câmara,Alta,Histórico acima do limiar mínimo e arquitetura full-stack.,https://github.com/CMCuritiba/extranet-cmc,https://github.com/CMCuritiba,2026-09-02,Alta,Não citado no relatório paralelo,Sem mudança material de status no V2,https://github.com/CMCuritiba/extranet-cmc,https://github.com/CMCuritiba/extranet-cmc
SW020,VPR - Votação de Prioridades,PROCERGS / Governo do Rio Grande do Sul,Estadual,Executivo,RS,,Participação / orçamento,https://github.com/procergs/vpr,GitHub,A - núcleo principal,Sim,Sim,2022-03,MIT,A - OSS explícita,1018,3,2,PHP,Institucional direta,Independente,Sistema de votação de prioridades orçamentárias,Muito alta,"Atividade pós-2020 suficiente, embora não recente.",https://github.com/procergs/vpr,https://github.com/procergs,2026-09-02,Alta,Convergente com correção do nome/expansão da sigla no relatório paralelo,Sem mudança material de status no V2,https://github.com/procergs/vpr,https://github.com/procergs/vpr
SW021,Programa de Metas 2025-2028,Prefeitura de São Paulo / SEPEP,Municipal,Executivo,SP,São Paulo,Planejamento / transparência,https://github.com/sepep-pmsp/site-pdm-vfinal-25-28,GitHub,B - candidato forte,Sim,Sim,2026-06,Conflito interno: GitHub detecta GPL-3.0; README afirma MIT,B - conflito a resolver,197,0,0,React + Django,Institucional direta,Independente,Site/sistema oficial para acompanhamento das metas municipais,Alta,"Mantido em B: repositório é aplicação completa (frontend + backend; 197 commits), mas README e detector do GitHub divergem sobre a licença.",https://github.com/sepep-pmsp/site-pdm-vfinal-25-28,https://github.com/sepep-pmsp,2026-09-02,Média,Não citado no relatório paralelo,B mantido; conflito de licença explicitado,https://github.com/sepep-pmsp/site-pdm-vfinal-25-28,https://github.com/sepep-pmsp/site-pdm-vfinal-25-28
SW022,PGD Petrvs,Ministério da Gestão e da Inovação em Serviços Públicos,Federal,Executivo,BR,,Gestão de desempenho / trabalho,https://github.com/gestaogovbr/pgd-petrvs-publico,GitHub,B - candidato forte,Sim,Sim,2026-07,Não confirmada na triagem,B - licença não confirmada,8803,19,14,Angular + backend,Institucional direta,Independente,Aplicação de Programa de Gestão e Desempenho da APF,Muito alta,Tecnicamente excelente; confirmar licença antes do corpus principal. Changelog 2024-2026 registra refatorações e mudanças arquiteturais.,https://github.com/gestaogovbr/pgd-petrvs-publico,https://github.com/gestaogovbr,2026-09-02,Média,Convergente; licença continua pendente,Sem mudança material de status no V2,https://github.com/gestaogovbr/pgd-petrvs-publico,https://github.com/gestaogovbr/pgd-petrvs-publico
SW023,ANTAQ Pro,Agência Nacional de Transportes Aquaviários,Federal,Executivo,BR,,Gestão de atividades / produtividade,https://github.com/ANTAQGovBr/antaq-pro,GitHub,B - candidato forte,Sim,Sim,2024-07,Não confirmada na triagem,B - licença não confirmada,734,2,1,Browser extension / web,Institucional direta,Independente,Plataforma eletrônica de atividades usada institucionalmente,Muito alta,Aplicação clara e bom histórico; validar licença.,https://github.com/ANTAQGovBr/antaq-pro,https://github.com/ANTAQGovBr,2026-09-02,Média,Não citado no relatório paralelo,Sem mudança material de status no V2,https://github.com/ANTAQGovBr/antaq-pro,https://github.com/ANTAQGovBr/antaq-pro
SW024,SuperApp / PrefRio,Prefeitura do Rio de Janeiro,Municipal,Executivo,RJ,Rio de Janeiro,Serviços digitais ao cidadão,https://github.com/prefeitura-rio/superapp,GitHub,B - candidato forte,Sim,Sim,2026-07,Não confirmada na triagem,B - licença não confirmada,2286,0,1,Next.js / React / TypeScript,Institucional direta,Independente,Aplicação principal do ecossistema digital da Prefeitura,Muito alta,"Ótimo histórico, mas confirmar licença e delimitar componentes próprios vs pacotes compartilhados.",https://github.com/prefeitura-rio/superapp,https://github.com/prefeitura-rio,2026-09-02,Média,Não citado no relatório paralelo,Sem mudança material de status no V2,https://github.com/prefeitura-rio/superapp,https://github.com/prefeitura-rio/superapp
SW025,CIVITAS,Prefeitura do Rio de Janeiro,Municipal,Executivo,RJ,Rio de Janeiro,Segurança / operação urbana,https://github.com/prefeitura-rio/civitas-app,GitHub,B - candidato forte,Sim,Sim,2026-07,Não confirmada na triagem,B - licença não confirmada,931,5,1,TypeScript / Next.js,Institucional direta,Independente,Aplicação operacional municipal,Muito alta,Boa candidata; validar licença e escopo funcional público.,https://github.com/prefeitura-rio/civitas-app,https://github.com/prefeitura-rio,2026-09-02,Média,Não citado no relatório paralelo,Sem mudança material de status no V2,https://github.com/prefeitura-rio/civitas-app,https://github.com/prefeitura-rio/civitas-app
SW026,Parquet Digital,Ministério Público do Estado do Rio de Janeiro,Estadual,Ministério Público,RJ,,Produtividade / gestão institucional,https://github.com/MinisterioPublicoRJ/parquet-digital-web,GitHub,B - candidato forte,Sim,Sim,2023-12,Não confirmada na triagem,B - licença não confirmada,2829,6,1,JavaScript / web,Institucional direta,Independente,Ferramenta institucional de produtividade,Muito alta,Histórico rico; validar licença.,https://github.com/MinisterioPublicoRJ/parquet-digital-web,https://github.com/MinisterioPublicoRJ,2026-09-02,Média,Não citado no relatório paralelo,Sem mudança material de status no V2,https://github.com/MinisterioPublicoRJ/parquet-digital-web,https://github.com/MinisterioPublicoRJ/parquet-digital-web
SW027,ROPC,Ministério Público do Estado do Rio de Janeiro,Estadual,Ministério Público,RJ,,Relatórios / operações policiais,https://github.com/MinisterioPublicoRJ/ropc,GitHub,B - candidato forte,Sim,Sim,2025-07,Não confirmada na triagem,B - licença não confirmada,,0,0,Python,Institucional direta,Independente,Plataforma de Relatório de Operações da Polícia Civil,Alta,Confirmar volume histórico e licença antes de inclusão final.,https://github.com/MinisterioPublicoRJ/ropc,https://github.com/MinisterioPublicoRJ,2026-09-02,Média,Não citado no relatório paralelo,Sem mudança material de status no V2,https://github.com/MinisterioPublicoRJ/ropc,https://github.com/MinisterioPublicoRJ/ropc
SW028,SISPG - Sistema do Programa de Gestão da Susep,Susep / Software Público Brasileiro,Federal,Executivo,BR,,Gestão de trabalho,https://github.com/spbgovbr/Sistema_Programa_de_Gestao_Susep,GitHub,B - candidato forte,Sim,Sim,2023-08,Não confirmada na triagem,B - licença não confirmada,97,33,45,Web / front + backend,Institucional direta,Independente,Sistema do programa de gestão da Susep,Alta,"Popular em forks, mas abaixo do limiar sugerido de 100 commits por pouco; validar licença.",https://github.com/spbgovbr/Sistema_Programa_de_Gestao_Susep,https://github.com/spbgovbr,2026-09-02,Média,Não citado no relatório paralelo,Sem mudança material de status no V2,https://github.com/spbgovbr/Sistema_Programa_de_Gestao_Susep,https://github.com/spbgovbr/Sistema_Programa_de_Gestao_Susep
SW029,Aplicativo Coronavírus SUS,Ministério da Saúde / Software Público Brasileiro,Federal,Executivo,BR,,Saúde / aplicativo móvel,https://github.com/spbgovbr/aplicativo-coronavirus-sus,GitHub,B - candidato forte,Sim,Sim,2020-2023 (intervalo; data exata a confirmar),Não confirmada na triagem,B - licença não confirmada,,42,12,TypeScript / mobile,Institucional direta,Independente,Aplicativo público de saúde associado à pandemia,Alta,"Relevante para recorte 2020+, mas confirmar última atividade, licença e volume de histórico.",https://github.com/spbgovbr/aplicativo-coronavirus-sus,https://github.com/spbgovbr,2026-09-02,Média,Não citado no relatório paralelo,Sem mudança material de status no V2,https://github.com/spbgovbr/aplicativo-coronavirus-sus,https://github.com/spbgovbr/aplicativo-coronavirus-sus
SW030,VLibras Mobile Cross Platform,VLibras / Software Público Brasileiro,Federal,Executivo,BR,,Acessibilidade / mobile,https://github.com/spbgovbr-vlibras/vlibras-mobile-cross-platform,GitHub,A - núcleo principal,Sim,Sim,2026-07,LGPL-3.0,A - OSS explícita,217,0,4,TypeScript / mobile,Institucional direta,Ecossistema VLibras,Aplicativo móvel multiplataforma do ecossistema VLibras,Alta,"Promovido no V2: aplicação móvel, 217 commits e LGPL-3.0 verificados diretamente; atividade em 2026.",https://github.com/spbgovbr-vlibras/vlibras-mobile-cross-platform,https://github.com/spbgovbr-vlibras,2026-09-02,Alta,Não citado no relatório paralelo,B → A (licença + 217 commits verificados),https://github.com/spbgovbr-vlibras/vlibras-mobile-cross-platform,https://github.com/spbgovbr-vlibras/vlibras-mobile-cross-platform
SW031,Plataforma Anísio Teixeira / Ambiente Educacional Web,Secretaria da Educação do Estado da Bahia,Estadual,Executivo,BA,,Educação / conteúdos digitais,https://github.com/nikoz84/plataforma-anisio-teixeira,GitHub,B - candidato forte,Sim,A confirmar,n/d,GPL-3.0,A - OSS explícita,1483,5,5,PHP/Laravel + Vue,Vínculo institucional declarado; owner pessoal,Independente,Plataforma da Secretaria da Educação da Bahia,Muito alta se atividade >=2020 for confirmada,Licença e estrutura de aplicação verificadas diretamente. Mantido em B porque o owner é pessoal; vínculo/manutenção institucional atual deve ser documentado por fonte oficial independente.,https://github.com/nikoz84/plataforma-anisio-teixeira,http://pat.educacao.ba.gov.br,2026-09-02,Média,Não citado no relatório paralelo,"B mantido; licença confirmada, proveniência atual ainda pendente",https://github.com/nikoz84/plataforma-anisio-teixeira,https://github.com/nikoz84/plataforma-anisio-teixeira
SW032,Sistema de Votação da CMC,Câmara Municipal de Curitiba,Municipal,Legislativo,PR,Curitiba,Votação legislativa,https://github.com/CMCuritiba/votacao-monorepo,GitHub,B - candidato forte,Sim,Sim,2025-08,Não confirmada na triagem,B - licença não confirmada,,1,0,TypeScript,Institucional direta,Possível migração de repositório anterior de votação,Sistema legislativo institucional,Alta,Confirmar histórico combinado com repositório predecessor e licença.,https://github.com/CMCuritiba/votacao-monorepo,https://github.com/CMCuritiba,2026-09-02,Média,Não citado no relatório paralelo,Sem mudança material de status no V2,https://github.com/CMCuritiba/votacao-monorepo,https://github.com/CMCuritiba/votacao-monorepo
SW033,Vaga na Creche,Prefeitura de São Paulo / SME,Municipal,Executivo,SP,São Paulo,Educação / serviço ao cidadão,https://github.com/prefeiturasp/SME-VagasNaCreche | https://github.com/prefeiturasp/SME-VagasNaCreche-API | https://github.com/prefeiturasp/SME-VagasNaCreche-FrontEnd,GitHub,B - candidato forte,Sim,Pós-2020; data final a confirmar,n/d,Não confirmada na triagem,B - licença não confirmada,,0,0,Web full-stack,Institucional direta,Evolução do Fila da Creche; software multi-repositório,Aplicação web pública em produção para consulta de vagas/filas,Alta,Agregador tem 28 commits; medir API e frontend. Vínculo e função do software estão bem documentados.,https://github.com/prefeiturasp/SME-VagasNaCreche,https://github.com/prefeiturasp,2026-09-02,Média,Não citado no relatório paralelo,Sem mudança material de status no V2,https://github.com/prefeiturasp/SME-VagasNaCreche,https://github.com/prefeiturasp/SME-VagasNaCreche
SW034,Plataforma Clima,Prefeitura do Rio de Janeiro,Municipal,Executivo,RJ,Rio de Janeiro,Clima / gestão urbana,https://github.com/prefeitura-rio/plataforma-clima,GitHub,B - candidato,Sim,Pós-2020; confirmar última data,n/d,MIT,A - OSS explícita,160,3,1,Web,Institucional direta,Independente,Plataforma climática municipal,Alta,"Mantido em B no V2: aplicação web, 160 commits e licença MIT verificados diretamente; a data exata de atividade pós-2020 ainda precisa ser fechada por evidência primária.",https://github.com/prefeitura-rio/plataforma-clima,https://github.com/prefeitura-rio,2026-09-02,Média,Não citado no relatório paralelo,"B mantido; licença/histórico fechados, data exata de atividade ainda pendente",https://github.com/prefeitura-rio/plataforma-clima,https://github.com/prefeitura-rio/plataforma-clima
SW035,LibrasKê Web,VLibras / Software Público Brasileiro,Federal,Executivo,BR,,Acessibilidade / educação,https://github.com/spbgovbr-vlibras/libraske-web,GitHub,B - candidato forte,Sim,Sim,2026-03,Não confirmada na triagem,B - licença não confirmada,,,,Web + integração Unity,Institucional direta,Ecossistema VLibras,Aplicação web com autenticação e jogo/experiência em Libras,Média/alta,"Confirmar licença, commits e maturidade.",https://github.com/spbgovbr-vlibras/libraske-web,https://github.com/spbgovbr-vlibras,2026-09-02,Média,Não citado no relatório paralelo,Sem mudança material de status no V2,https://github.com/spbgovbr-vlibras/libraske-web,https://github.com/spbgovbr-vlibras/libraske-web
SW036,eSocial-JT,Tribunal Superior do Trabalho,Federal,Judiciário,BR,,Integração trabalhista,https://github.com/tst-labs/esocial,GitHub,B - candidato forte,Parcial/serviço com GUI,Sim,2026-07,BSD-3-Clause,A - OSS explícita,547,135,82,Java,Institucional direta,Independente,Projeto eSocial da Justiça do Trabalho,Alta se protocolo aceitar serviços executáveis,Licença e histórico fechados no V2. Mantido em B porque o módulo principal é serviço de integração/API; fronteira com o critério de aplicação ainda requer decisão metodológica.,https://github.com/tst-labs/esocial,https://github.com/tst-labs,2026-09-02,Média,Não citado no relatório paralelo,"B mantido; métricas/licença fechadas, fronteira serviço/API permanece",https://github.com/tst-labs/esocial,https://github.com/tst-labs/esocial
SW037,AssinaLegis,Câmara Municipal de Jataí,Municipal,Legislativo,GO,Jataí,Assinatura digital,https://github.com/cmjatai/AssinaLegis,GitHub,C - secundário/exploratório,Sim,Sim,2026,GPL-3.0,A - OSS explícita,29,0,2,Java desktop,Institucional direta,Integra com SAPL,Aplicativo desktop para assinatura ICP-Brasil desenvolvido pela Câmara,Baixa para análise longitudinal,"É inequivocamente software, mas 29 commits são poucos para o desenho longitudinal proposto.",https://github.com/cmjatai/AssinaLegis,https://github.com/cmjatai,2026-09-02,Baixa/Média,Não citado no relatório paralelo,Sem mudança material de status no V2,https://github.com/cmjatai/AssinaLegis,https://github.com/cmjatai/AssinaLegis
SW038,e-Fomento,Secretaria da Cultura do Ceará,Estadual,Executivo,CE,,Fomento cultural,https://github.com/secultce/efomento,GitHub,C - secundário/exploratório,Sim,Sim,2026-07,Não confirmada na triagem,B - licença não confirmada,7,0,0,PHP/Laravel + Vue,Institucional direta,Independente,Sistema web para ciclo de projetos culturais financiados por editais,Baixa hoje; excelente candidato futuro,"Software real, mas recém-publicado: 7 commits não permitem boa análise longitudinal de dívida técnica.",https://github.com/secultce/efomento,https://github.com/secultce,2026-09-02,Baixa/Média,Não citado no relatório paralelo,Sem mudança material de status no V2,https://github.com/secultce/efomento,https://github.com/secultce/efomento
SW039,Prato Aberto,Prefeitura de São Paulo / SME,Municipal,Executivo,SP,São Paulo,Educação / alimentação / transparência,https://github.com/prefeiturasp/SME-PratoAberto-Frontend | https://github.com/prefeiturasp/SME-PratoAberto-API,GitHub,C - secundário/exploratório,Sim,A confirmar,n/d,LICENSE presente; tipo a confirmar,B - licença requer validação,171,17,17,TypeScript + API,Institucional direta,Software multi-repositório,Website para acompanhar cardápio das escolas públicas,Alta se atividade >=2020 for confirmada,Popularidade boa para software municipal; confirmar data de atividade e licença.,https://github.com/prefeiturasp/SME-PratoAberto-Frontend,https://github.com/prefeiturasp,2026-09-02,Baixa/Média,"Convergente como candidato, ainda fora do núcleo",Sem mudança material de status no V2,https://github.com/prefeiturasp/SME-PratoAberto-Frontend,https://github.com/prefeiturasp/SME-PratoAberto-Frontend
SW040,Escola Aberta,Prefeitura de São Paulo / SME,Municipal,Executivo,SP,São Paulo,Educação / consulta pública,https://github.com/prefeiturasp/SME-Escola-Aberta-API,GitHub,C - secundário/exploratório,Sim (solução possui frontend),A confirmar,n/d,Não confirmada na triagem,B - licença não confirmada,154,,,Web/API + frontend,Institucional direta,Software multi-repositório,Aplicação pública de consulta a escolas municipais,Alta se temporal/licença confirmados,Não confundir o repo API isolado com o software; localizar e agrupar o frontend antes da análise.,https://github.com/prefeiturasp/SME-Escola-Aberta-API,https://github.com/prefeiturasp,2026-09-02,Baixa/Média,Não citado no relatório paralelo,Sem mudança material de status no V2,https://github.com/prefeiturasp/SME-Escola-Aberta-API,https://github.com/prefeiturasp/SME-Escola-Aberta-API
SW041,GEPNet,Software Público Brasileiro,Federal,Executivo,BR,,Gestão de projetos,https://github.com/spbgovbr/gepnet,GitHub,C - secundário/exploratório,Sim,Sim,2023-01,Não confirmada na triagem,B - licença não confirmada,13,11,9,PHP,Institucional/mirror SPB,Mirror com histórico possivelmente truncado,Aplicação de gestão de projetos,Baixa com o histórico atual do mirror,"Software real, mas o GitHub expõe histórico muito curto; procurar forja original antes de descartar definitivamente.",https://github.com/spbgovbr/gepnet,https://github.com/spbgovbr,2026-09-02,Baixa/Média,Não citado no relatório paralelo,Sem mudança material de status no V2,https://github.com/spbgovbr/gepnet,https://github.com/spbgovbr/gepnet
SW042,i-Educar,Origem: Prefeitura de Itajaí; manutenção atual Portábilis/comunidade,Municipal (origem),Executivo,SC,Itajaí,Educação / gestão escolar,https://github.com/portabilis/i-educar,GitHub,C - secundário/exploratório,Sim,Sim,2026,GPL-2.0,A - OSS explícita,32982,702,533,PHP,Origem governamental; mantenedor atual não governamental,Projeto histórico do Software Público Brasileiro,Ampla adoção municipal/comunitária; quantificar separadamente,Muito alta tecnicamente,"Excelente software para comparação, mas separar do corpus de manutenção governamental atual.",https://github.com/portabilis/i-educar,https://softwarepublico.gov.br,2026-09-02,Baixa/Média,Convergente tecnicamente; V2 mantém fora do núcleo por manutenção atual não governamental,Sem mudança material de status no V2,https://github.com/portabilis/i-educar,https://github.com/portabilis/i-educar
SW043,Portal Modelo,Interlegis / Senado Federal,Federal,Legislativo,BR,,Portal institucional legislativo,https://github.com/interlegis/portalmodelo,GitHub,C - secundário/exploratório,Sim,A confirmar,n/d,Não confirmada nesta triagem,B - licença não confirmada,,18,17,Plone / Python,Institucional direta,Independente,Portal modelo para casas legislativas,Alta se atividade >=2020 for confirmada,Aplicação instalável; falta fechar temporalidade/licença na v1.,https://github.com/interlegis/portalmodelo,https://github.com/interlegis,2026-09-02,Baixa/Média,Não citado no relatório paralelo,Sem mudança material de status no V2,https://github.com/interlegis/portalmodelo,https://github.com/interlegis/portalmodelo
SW044,Exame Front CGE-RJ,Controladoria-Geral do Estado do Rio de Janeiro,Estadual,Executivo,RJ,,Controle / exame,https://github.com/cge-rj/exame-front-cge,GitHub,C - secundário/exploratório,Parcial (frontend),Sim,2023-09,Não confirmada na triagem,B - licença não confirmada,,1,4,TypeScript,Institucional direta,Frontend de solução maior,Componente de sistema da CGE-RJ,Baixa até localizar backend,Não incluir no corpus principal enquanto apenas o frontend estiver identificado.,https://github.com/cge-rj/exame-front-cge,https://github.com/cge-rj,2026-09-02,Baixa/Média,Não citado no relatório paralelo,Sem mudança material de status no V2,https://github.com/cge-rj/exame-front-cge,https://github.com/cge-rj/exame-front-cge
SW045,Helios - fork institucional UFMA/IFSC,UFMA / origem das customizações IFSC,Federal,Educação pública,MA/SC,,Votação eletrônica,https://github.com/STI-UFMA/helios-server-main,GitHub,C - secundário/exploratório,Sim,A confirmar,n/d,Apache-2.0,A - OSS explícita,3,0,0,Python/Django,"Institucional direta, porém fork importado",Fork do Helios customizado pelo IFSC,Serviço de votação usado/adaptado por instituições públicas de ensino,Baixa no repo atual,Só 3 commits no fork UFMA; localizar repositório IFSC com histórico completo antes de considerar.,https://github.com/STI-UFMA/helios-server-main,https://github.com/STI-UFMA,2026-09-02,Baixa/Média,Não citado no relatório paralelo,Sem mudança material de status no V2,https://github.com/STI-UFMA/helios-server-main,https://github.com/STI-UFMA/helios-server-main
